wall_time,fusion_id,trigger_source,trigger_stamp,camera_found,lidar_found,gps_found,gps_interpolated,imu_found,depth_found,odom_found,camera_delta_ms,lidar_delta_ms,imu_delta_ms,depth_delta_ms,odom_delta_ms,gps_delta_ms,fusion_latency_ms
1786563822573,1,lidar,18114.813786560,0,1,0,0,0,0,0,-1.0000,0.0000,-1.0000,-1.0000,-1.0000,-1.0000,0.0167
1786563823543,2,lidar,18115.813779560,0,1,0,0,0,0,0,-1.0000,0.0000,-1.0000,-1.0000,-1.0000,-1.0000,0.0035
1786563824539,3,lidar,18116.813796560,0,1,0,0,0,0,0,-1.0000,0.0000,-1.0000,-1.0000,-1.0000,-1.0000,0.0058
1786563825815,4,camera,1775762839.762356997,1,0,1,0,1,0,1,0.0000,-1.0000,3.0119,-1.0000,0.0000,1276.6332,0.0585
1786563826147,5,camera,1775762840.096102238,1,0,1,0,1,0,1,0.0000,-1.0000,5.8917,-1.0000,0.0000,1610.3782,0.0737
1786563826480,6,camera,1775762840.429094076,1,0,1,0,1,0,1,0.0000,-1.0000,0.4078,-1.0000,0.0000,1943.3702,0.0751
1786563826552,7,lidar,18118.813787560,0,1,0,0,0,0,0,-1.0000,0.0000,-1.0000,-1.0000,-1.0000,-1.0000,0.0410
1786563826768,8,camera,1775762840.730301857,1,0,1,0,1,0,1,0.0000,-1.0000,2.2842,-1.0000,0.0000,2244.5782,0.0901
1786563827136,9,camera,1775762841.095865011,1,0,1,1,1,0,0,0.0000,-1.0000,6.1963,-1.0000,-1.0000,0.0000,0.1023
1786563827515,10,camera,1775762841.462614059,1,0,1,1,1,0,1,0.0000,-1.0000,1.8647,-1.0000,0.0000,0.0000,0.1341
1786563827832,11,camera,1775762841.795982122,1,0,1,1,1,0,1,0.0000,-1.0000,2.7867,-1.0000,0.0000,0.0000,0.1214
1786563828200,12,camera,1775762842.164587021,1,0,1,1,1,0,1,0.0000,-1.0000,3.9267,-1.0000,0.0000,0.0000,0.1705
1786563828603,13,camera,1775762842.562952995,1,0,1,1,1,0,1,0.0000,-1.0000,1.9018,-1.0000,0.0000,0.0000,0.2067
1786563828964,14,camera,1775762842.929486036,1,0,1,1,1,0,1,0.0000,-1.0000,3.7548,-1.0000,0.0000,0.0000,0.1369
1786563829269,15,camera,1775762843.229474068,1,0,1,1,1,0,1,0.0000,-1.0000,2.2778,-1.0000,0.0000,0.0000,0.1588
1786563829571,16,lidar,18121.813803560,0,1,0,0,0,0,0,-1.0000,0.0000,-1.0000,-1.0000,-1.0000,-1.0000,0.0680
1786563829638,17,camera,1775762843.596113205,1,0,1,0,1,0,1,0.0000,-1.0000,3.8768,-1.0000,0.0000,118.0809,0.1603
1786563829970,18,camera,1775762843.930206060,1,0,1,0,1,0,1,0.0000,-1.0000,5.8848,-1.0000,0.0000,452.1739,0.1705
1786563830311,19,camera,1775762844.262738228,1,0,1,0,1,0,1,0.0000,-1.0000,3.8082,-1.0000,0.0000,784.7059,0.1449
1786563830569,20,lidar,18122.813797560,0,1,0,0,0,0,0,-1.0000,0.0000,-1.0000,-1.0000,-1.0000,-1.0000,0.0815
1786563830644,21,camera,1775762844.596220970,1,0,1,0,1,0,1,0.0000,-1.0000,2.6598,-1.0000,99.9920,1118.1889,0.1651
1786563830980,22,camera,1775762844.930244207,1,0,1,0,1,0,0,0.0000,-1.0000,22.3428,-1.0000,-1.0000,1452.2119,0.1482
1786563831353,23,camera,1775762845.296236992,1,0,1,0,1,0,1,0.0000,-1.0000,2.0542,-1.0000,0.0000,1818.2049,0.2340
1786563831561,24,lidar,18123.813805560,0,1,0,0,0,0,0,-1.0000,0.0000,-1.0000,-1.0000,-1.0000,-1.0000,0.0935
1786563832402,25,camera,1775762846.363491058,1,0,1,1,1,0,1,0.0000,-1.0000,2.0352,-1.0000,0.0000,0.0000,0.1680
1786563833082,26,camera,1775762847.029734135,1,0,1,1,1,0,1,0.0000,-1.0000,4.5022,-1.0000,0.0000,0.0000,0.1898
1786563833835,27,camera,1775762847.796486139,1,0,1,1,1,0,1,0.0000,-1.0000,0.0327,-1.0000,0.0000,0.0000,0.2140
1786563834866,28,camera,1775762848.829722166,1,0,1,0,1,0,1,0.0000,-1.0000,7.5408,-1.0000,0.0000,346.6953,0.2006
1786563835204,29,camera,1775762849.163227081,1,0,1,0,1,0,1,0.0000,-1.0000,4.2233,-1.0000,0.0000,680.2003,0.2127
1786563835506,30,camera,1775762849.463235140,1,0,1,0,1,0,1,0.0000,-1.0000,0.3313,-1.0000,0.0000,980.2083,0.2287
1786563835913,31,camera,1775762849.863228083,1,0,1,0,1,0,1,0.0000,-1.0000,4.8757,-1.0000,0.0000,1380.2013,0.2063
1786563836267,32,camera,1775762850.229863167,1,0,1,0,1,0,1,0.0000,-1.0000,2.9207,-1.0000,0.0000,1746.8363,0.1432
1786563837003,33,camera,1775762850.963238239,1,0,1,1,1,0,1,0.0000,-1.0000,34.0168,-1.0000,0.0000,0.0000,0.2033
1786563837335,34,camera,1775762851.296732187,1,0,1,1,1,0,1,0.0000,-1.0000,4.7667,-1.0000,0.0000,0.0000,0.2222
1786563837550,35,lidar,18129.813795560,0,1,0,0,0,0,0,-1.0000,0.0000,-1.0000,-1.0000,-1.0000,-1.0000,0.1074
1786563837705,36,camera,1775762851.663484097,1,0,1,1,1,0,1,0.0000,-1.0000,4.9028,-1.0000,0.0000,0.0000,0.1599
1786563838406,37,camera,1775762852.363646030,1,0,1,1,1,0,1,0.0000,-1.0000,3.5623,-1.0000,0.0000,0.0000,0.2084
1786563838571,38,lidar,18130.813798560,0,1,0,0,0,0,0,-1.0000,0.0000,-1.0000,-1.0000,-1.0000,-1.0000,0.0950
1786563838736,39,camera,1775762852.696860075,1,0,1,1,1,0,1,0.0000,-1.0000,2.4863,-1.0000,0.0000,0.0000,0.2517
1786563839084,40,camera,1775762853.029834032,1,0,1,1,1,0,1,0.0000,-1.0000,1.3622,-1.0000,0.0000,0.0000,0.2535
1786563839447,41,camera,1775762853.397176981,1,0,1,1,1,0,1,0.0000,-1.0000,1.0708,-1.0000,0.0000,0.0000,0.2587
1786563839811,42,camera,1775762853.762989044,1,0,1,0,1,0,1,0.0000,-1.0000,0.6922,-1.0000,0.0000,288.9994,0.2550
1786563840508,43,camera,1775762854.464344978,1,0,1,0,1,0,1,0.0000,-1.0000,4.0662,-1.0000,0.0000,990.3554,0.2584
1786563840835,44,camera,1775762854.799283981,1,0,1,0,1,0,1,0.0000,-1.0000,1.3228,-1.0000,0.0000,1325.2944,0.2571
1786563841201,45,camera,1775762855.163236141,1,0,1,0,1,0,1,0.0000,-1.0000,2.7698,-1.0000,0.0000,1689.2464,0.2567
1786563841583,46,camera,1775762855.530358076,1,0,1,0,1,0,1,0.0000,-1.0000,2.3168,-1.0000,0.0000,2056.3684,0.2489
1786563841933,47,camera,1775762855.864952087,1,0,1,0,1,0,1,0.0000,-1.0000,0.2442,-1.0000,0.0000,2390.9624,0.1971
1786563842278,48,camera,1775762856.230488062,1,0,1,1,1,0,1,0.0000,-1.0000,0.2518,-1.0000,0.0000,0.0000,0.3100
1786563842584,49,camera,1775762856.530781984,1,0,1,1,1,0,1,0.0000,-1.0000,1.0867,-1.0000,0.0000,0.0000,0.3768
1786563843258,50,camera,1775762857.198226213,1,0,1,1,1,0,1,0.0000,-1.0000,2.2227,-1.0000,0.0000,0.0000,0.2824
1786563843573,51,camera,1775762857.530552149,1,0,1,1,1,0,1,0.0000,-1.0000,0.8783,-1.0000,0.0000,0.0000,0.2860
1786563843593,52,lidar,18135.813794560,0,1,0,0,0,0,0,-1.0000,0.0000,-1.0000,-1.0000,-1.0000,-1.0000,0.1385
1786563843940,53,camera,1775762857.897123098,1,0,1,1,1,0,1,0.0000,-1.0000,0.2368,-1.0000,0.0000,0.0000,0.2875
1786563844231,54,camera,1775762858.197108030,1,0,1,1,1,0,1,0.0000,-1.0000,1.3868,-1.0000,0.0000,0.0000,0.1838
1786563844549,55,camera,1775762858.497236967,1,0,1,0,1,0,1,0.0000,-1.0000,2.3842,-1.0000,0.0000,5.7876,0.3275
1786563844577,56,lidar,18136.813788560,0,1,0,0,0,0,0,-1.0000,0.0000,-1.0000,-1.0000,-1.0000,-1.0000,0.0956
1786563844846,57,camera,1775762858.797358990,1,0,1,0,1,0,0,0.0000,-1.0000,3.6297,-1.0000,-1.0000,305.9096,0.2549
1786563845193,58,camera,1775762859.130976915,1,0,1,0,1,0,1,0.0000,-1.0000,4.3017,-1.0000,0.0000,639.5276,0.2933
1786563845537,59,camera,1775762859.463865995,1,0,1,0,1,0,1,0.0000,-1.0000,0.6377,-1.0000,0.0000,972.4166,0.2532
1786563845572,60,lidar,18137.813792560,0,1,0,0,0,0,0,-1.0000,0.0000,-1.0000,-1.0000,-1.0000,-1.0000,0.1024
1786563846546,61,camera,1775762860.499908209,1,0,1,0,1,0,1,0.0000,-1.0000,1.0482,-1.0000,0.0000,2008.4586,0.2099
1786563846563,62,lidar,18138.813793560,0,1,0,0,0,0,0,-1.0000,0.0000,-1.0000,-1.0000,-1.0000,-1.0000,0.1118
1786563846837,63,camera,1775762860.797497034,1,0,1,0,1,0,1,0.0000,-1.0000,0.0542,-1.0000,0.0000,2306.0476,0.2736
1786563847202,64,camera,1775762861.164115906,1,0,1,1,1,0,1,0.0000,-1.0000,6.0802,-1.0000,0.0000,0.0000,0.2641
1786563847814,65,camera,1775762861.464257956,1,0,1,1,1,1,1,0.0000,-1.0000,2.5332,0.0000,0.0000,0.0000,0.3347
1786563848104,66,camera,1775762862.064860106,1,0,1,1,1,0,1,0.0000,-1.0000,4.8788,-1.0000,0.0000,0.0000,0.3305
1786563848555,67,lidar,18140.813802560,0,1,0,0,0,0,0,-1.0000,0.0000,-1.0000,-1.0000,-1.0000,-1.0000,0.0931
1786563848770,68,camera,1775762862.731512070,1,0,1,1,1,0,1,0.0000,-1.0000,2.2908,-1.0000,0.0000,0.0000,0.2708
1786563849114,69,camera,1775762863.064367056,1,0,1,1,1,0,1,0.0000,-1.0000,3.0608,-1.0000,0.0000,0.0000,0.1776
1786563849401,70,camera,1775762863.364387989,1,0,1,1,1,0,1,0.0000,-1.0000,3.4557,-1.0000,0.0000,0.0000,0.3198
1786563849612,71,lidar,18141.813797560,0,1,0,0,0,0,0,-1.0000,0.0000,-1.0000,-1.0000,-1.0000,-1.0000,0.1478
1786563849785,72,camera,1775762863.730858088,1,0,1,0,1,0,1,0.0000,-1.0000,1.6657,-1.0000,0.0000,258.2857,0.2656
1786563850088,73,camera,1775762864.031114101,1,0,1,0,1,0,1,0.0000,-1.0000,0.2447,-1.0000,0.0000,558.5417,0.2360
1786563850434,74,camera,1775762864.398462057,1,0,1,0,1,0,1,0.0000,-1.0000,4.9558,-1.0000,0.0000,925.8897,0.2861
1786563850758,75,camera,1775762864.697625160,1,0,1,0,1,0,1,0.0000,-1.0000,2.3137,-1.0000,0.0000,1225.0527,0.3177
1786563851075,76,camera,1775762865.032504082,1,0,1,0,1,0,1,0.0000,-1.0000,0.8078,-1.0000,0.0000,1559.9317,0.2716
1786563851546,77,lidar,18143.813799560,0,1,0,0,0,0,0,-1.0000,0.0000,-1.0000,-1.0000,-1.0000,-1.0000,0.1470
1786563852020,78,camera,1775762865.964356184,1,0,1,1,1,0,1,0.0000,-1.0000,4.3652,-1.0000,0.0000,0.0000,0.3081
1786563852685,79,camera,1775762866.632082224,1,0,1,1,1,0,1,0.0000,-1.0000,4.9108,-1.0000,0.0000,0.0000,0.3033
1786563853386,80,camera,1775762867.331611156,1,0,1,1,1,0,1,0.0000,-1.0000,2.9373,-1.0000,0.0000,0.0000,0.2668
1786563853811,81,camera,1775762867.764613152,1,0,1,1,1,0,1,0.0000,-1.0000,2.8818,-1.0000,0.0000,0.0000,0.3058
1786563854105,82,camera,1775762868.064747095,1,0,1,1,1,0,1,0.0000,-1.0000,3.4167,-1.0000,0.0000,0.0000,0.3258
1786563854436,83,camera,1775762868.398113966,1,0,1,1,1,0,1,0.0000,-1.0000,3.2578,-1.0000,0.0000,0.0000,0.3332
1786563854568,84,lidar,18146.813798560,0,1,0,0,0,0,0,-1.0000,0.0000,-1.0000,-1.0000,-1.0000,-1.0000,0.1167
1786563854798,85,camera,1775762868.731498957,1,0,1,0,1,0,1,0.0000,-1.0000,0.1797,-1.0000,0.0000,266.1792,0.3200
1786563855150,86,camera,1775762869.097985029,1,0,1,0,1,0,1,0.0000,-1.0000,1.6263,-1.0000,0.0000,632.6652,0.2621
1786563855520,87,camera,1775762869.464868069,1,0,1,0,1,0,1,0.0000,-1.0000,3.8293,-1.0000,0.0000,999.5482,0.2859
1786563855537,88,lidar,18147.813786560,0,1,0,0,0,0,0,-1.0000,0.0000,-1.0000,-1.0000,-1.0000,-1.0000,0.1308
1786563855986,89,camera,1775762869.931363106,1,0,1,0,1,0,1,0.0000,-1.0000,3.3532,-1.0000,0.0000,1466.0432,0.2620
1786563856319,90,camera,1775762870.265211105,1,0,1,0,1,0,1,0.0000,-1.0000,1.5902,-1.0000,0.0000,1799.8912,0.3553
1786563856550,91,lidar,18148.813794560,0,1,0,0,0,0,0,-1.0000,0.0000,-1.0000,-1.0000,-1.0000,-1.0000,0.1292
1786563857003,92,camera,1775762870.965173960,1,0,1,1,1,0,1,0.0000,-1.0000,1.2478,-1.0000,0.0000,0.0000,0.3331
1786563857401,93,camera,1775762871.364989042,1,0,1,1,1,0,1,0.0000,-1.0000,3.0678,-1.0000,0.0000,0.0000,0.3616
1786563857547,94,lidar,18149.813799560,0,1,0,0,0,0,0,-1.0000,0.0000,-1.0000,-1.0000,-1.0000,-1.0000,0.1587
1786563857843,95,camera,1775762871.798377991,1,0,1,1,1,0,1,0.0000,-1.0000,2.0982,-1.0000,0.0000,0.0000,0.2981
1786563858540,96,lidar,18150.813811560,0,1,0,0,0,0,0,-1.0000,0.0000,-1.0000,-1.0000,-1.0000,-1.0000,0.1623
1786563859318,97,camera,1775762873.264999866,1,0,1,1,1,0,1,0.0000,-1.0000,3.1437,-1.0000,0.0000,0.0000,0.2569
1786563860051,98,camera,1775762873.998490095,1,0,1,0,1,0,1,0.0000,-1.0000,1.5462,-1.0000,0.0000,525.5911,0.2824
1786563860446,99,camera,1775762874.398504019,1,0,1,0,1,0,1,0.0000,-1.0000,0.8653,-1.0000,0.0000,925.6051,0.3465
1786563860542,100,lidar,18152.813803560,0,1,0,0,0,0,0,-1.0000,0.0000,-1.0000,-1.0000,-1.0000,-1.0000,0.1496
1786563861291,101,camera,1775762875.231988907,1,0,1,0,1,0,1,0.0000,-1.0000,1.1578,-1.0000,0.0000,1759.0901,0.2469
1786563861557,102,lidar,18153.813798560,0,1,0,0,0,0,0,-1.0000,0.0000,-1.0000,-1.0000,-1.0000,-1.0000,0.1854
1786563861644,103,camera,1775762875.598608017,1,0,1,0,1,0,1,0.0000,-1.0000,3.0968,-1.0000,0.0000,2125.7091,0.2832
1786563862072,104,camera,1775762876.033251047,1,0,1,0,1,0,1,0.0000,-1.0000,0.3827,-1.0000,0.0000,2560.3521,0.2806
1786563862437,105,camera,1775762876.398741007,1,0,1,1,1,0,1,0.0000,-1.0000,2.1052,-1.0000,0.0000,0.0000,0.3099
1786563862837,106,camera,1775762876.798747063,1,0,1,1,1,0,1,0.0000,-1.0000,0.0058,-1.0000,0.0000,0.0000,0.3419
1786563863205,107,camera,1775762877.165367126,1,0,1,1,1,0,1,0.0000,-1.0000,4.1208,-1.0000,0.0000,0.0000,0.2718
1786563863558,108,lidar,18155.813795560,0,1,0,0,0,0,0,-1.0000,0.0000,-1.0000,-1.0000,-1.0000,-1.0000,0.2049
1786563863609,109,camera,1775762877.566113949,1,0,1,1,1,0,1,0.0000,-1.0000,3.2672,-1.0000,0.0000,0.0000,0.3384
1786563864837,110,camera,1775762878.798864126,1,0,1,0,1,0,1,0.0000,-1.0000,5.0622,-1.0000,0.0000,62.2101,0.2589
1786563865221,111,camera,1775762879.165616035,1,0,1,0,1,0,1,0.0000,-1.0000,4.2548,-1.0000,0.0000,428.9621,0.3080
1786563865573,112,lidar,18157.813787560,0,1,0,0,0,0,0,-1.0000,0.0000,-1.0000,-1.0000,-1.0000,-1.0000,0.1165
1786563866403,113,camera,1775762880.365927219,1,0,1,0,1,0,0,0.0000,-1.0000,6.0283,-1.0000,-1.0000,1629.2731,0.2720
1786563866653,114,lidar,18158.813810560,0,1,0,0,0,0,0,-1.0000,0.0000,-1.0000,-1.0000,-1.0000,-1.0000,0.1446
1786563866784,115,camera,1775762880.732365131,1,0,1,0,1,0,1,0.0000,-1.0000,0.1888,-1.0000,0.0000,1995.7111,0.2613
1786563867437,116,camera,1775762881.399127960,1,0,1,1,1,0,1,0.0000,-1.0000,0.9043,-1.0000,0.0000,0.0000,0.2702
1786563867819,117,camera,1775762881.765749931,1,0,1,1,1,0,1,0.0000,-1.0000,2.2187,-1.0000,0.0000,0.0000,0.2997
1786563868086,118,lidar,18159.813811560,0,1,0,0,0,0,0,-1.0000,0.0000,-1.0000,-1.0000,-1.0000,-1.0000,0.1429
1786563868217,119,camera,1775762882.167490959,1,0,1,1,1,0,1,0.0000,-1.0000,4.4523,-1.0000,0.0000,0.0000,0.3720
1786563868612,120,camera,1775762882.565872192,1,0,1,1,1,0,1,0.0000,-1.0000,4.8992,-1.0000,0.0000,0.0000,0.2568
1786563868983,121,camera,1775762882.932381868,1,0,1,1,1,0,1,0.0000,-1.0000,0.5367,-1.0000,0.0000,0.0000,0.3137
1786563869369,122,camera,1775762883.299238205,1,0,1,1,1,0,1,0.0000,-1.0000,3.5582,-1.0000,0.0000,0.0000,0.3452
1786563869585,123,lidar,18160.813840560,0,1,0,0,0,0,0,-1.0000,0.0000,-1.0000,-1.0000,-1.0000,-1.0000,0.1549
1786563869673,124,camera,1775762883.632627010,1,0,1,0,1,0,1,0.0000,-1.0000,4.7892,-1.0000,0.0000,164.1250,0.3749
1786563869684,125,lidar,18161.813806560,0,1,0,0,0,0,0,-1.0000,0.0000,-1.0000,-1.0000,-1.0000,-1.0000,0.1422
1786563870047,126,camera,1775762883.999242067,1,0,1,0,1,0,1,0.0000,-1.0000,0.6792,-1.0000,0.0000,530.7400,0.4209
1786563870821,127,lidar,18162.813841560,0,1,0,0,0,0,0,-1.0000,0.0000,-1.0000,-1.0000,-1.0000,-1.0000,0.1858
1786563871675,128,camera,1775762885.632668257,1,0,1,0,1,0,1,0.0000,-1.0000,4.8632,-1.0000,0.0000,2164.1660,0.2932
1786563872107,129,camera,1775762886.032878160,1,0,1,1,1,0,1,0.0000,-1.0000,2.4218,-1.0000,66.7590,0.0000,0.3232
1786563872601,130,lidar,18164.813768560,0,1,0,0,0,0,0,-1.0000,0.0000,-1.0000,-1.0000,-1.0000,-1.0000,0.1818
1786563873367,131,camera,1775762887.266244173,1,0,1,1,1,0,1,0.0000,-1.0000,4.4578,-1.0000,0.0000,0.0000,0.3236
1786563874472,132,camera,1775762888.433001995,1,0,1,1,1,0,1,0.0000,-1.0000,3.8642,-1.0000,0.0000,0.0000,0.2619
1786563874890,133,camera,1775762888.832877159,1,0,1,0,1,0,1,0.0000,-1.0000,1.5917,-1.0000,0.0000,346.4326,0.3227
1786563875639,134,camera,1775762889.599744081,1,0,1,0,1,0,1,0.0000,-1.0000,0.4603,-1.0000,0.0000,1113.2996,0.2947
1786563876388,135,camera,1775762890.333003998,1,0,1,0,1,0,1,0.0000,-1.0000,5.7697,-1.0000,0.0000,1846.5596,0.2825
1786563876703,136,camera,1775762890.668476820,1,0,1,0,1,0,1,0.0000,-1.0000,3.0108,-1.0000,0.0000,2182.0326,0.3056
1786563877050,137,camera,1775762890.999864101,1,0,1,1,1,0,1,0.0000,-1.0000,2.4247,-1.0000,0.0000,0.0000,0.3748
1786563877173,138,lidar,18168.813814560,0,1,0,0,0,0,0,-1.0000,0.0000,-1.0000,-1.0000,-1.0000,-1.0000,0.1572
1786563877417,139,camera,1775762891.333235979,1,0,1,1,1,0,1,0.0000,-1.0000,3.3427,-1.0000,0.0000,0.0000,0.2831
1786563878081,140,camera,1775762892.034694195,1,0,1,1,1,0,1,0.0000,-1.0000,3.3872,-1.0000,0.0000,0.0000,0.3357
1786563878497,141,camera,1775762892.433287859,1,0,1,1,1,0,1,0.0000,-1.0000,4.9282,-1.0000,0.0000,0.0000,0.3150
1786563878851,142,camera,1775762892.799998999,1,0,1,1,1,0,1,0.0000,-1.0000,4.7003,-1.0000,0.0000,0.0000,0.3569
1786563879215,143,camera,1775762893.166622877,1,0,1,1,1,0,1,0.0000,-1.0000,0.9532,-1.0000,0.0000,0.0000,0.3971
1786563879538,144,camera,1775762893.499989033,1,0,1,0,1,0,1,0.0000,-1.0000,0.3953,-1.0000,0.0000,38.0922,0.2909
1786563879630,145,lidar,18171.813807560,0,1,0,0,0,0,0,-1.0000,0.0000,-1.0000,-1.0000,-1.0000,-1.0000,0.1748
1786563879896,146,camera,1775762893.834213018,1,0,1,0,1,0,1,0.0000,-1.0000,2.5357,-1.0000,0.0000,372.3162,0.3498
1786563880050,147,camera,1775762894.000006199,1,0,1,0,1,0,0,0.0000,-1.0000,1.5177,-1.0000,-1.0000,538.1092,0.2752
1786563880406,148,camera,1775762894.366760015,1,0,1,0,1,0,0,0.0000,-1.0000,4.8737,-1.0000,-1.0000,904.8632,0.3714
1786563880817,149,camera,1775762894.767400980,1,0,1,0,1,0,1,0.0000,-1.0000,0.3073,-1.0000,0.0000,1305.5042,0.2026
1786563881207,150,camera,1775762895.166875124,1,0,1,0,1,0,1,0.0000,-1.0000,0.7487,-1.0000,0.0000,1704.9782,0.2953
1786563881224,151,lidar,18172.813802560,0,1,0,0,0,0,0,-1.0000,0.0000,-1.0000,-1.0000,-1.0000,-1.0000,0.1870
1786563881704,152,camera,1775762895.666896105,1,0,1,0,1,0,1,0.0000,-1.0000,0.1227,-1.0000,0.0000,2204.9992,0.3111
1786563882095,153,camera,1775762896.033382177,1,0,1,1,1,0,1,0.0000,-1.0000,3.8583,-1.0000,0.0000,0.0000,0.2951
1786563882486,154,camera,1775762896.433620930,1,0,1,1,1,0,1,0.0000,-1.0000,4.0377,-1.0000,0.0000,0.0000,0.3105
1786563882807,155,camera,1775762896.766870975,1,0,1,1,1,0,1,0.0000,-1.0000,0.1777,-1.0000,0.0000,0.0000,0.2929
1786563883069,156,lidar,18174.813808560,0,1,0,0,0,0,0,-1.0000,0.0000,-1.0000,-1.0000,-1.0000,-1.0000,0.2124
1786563883199,157,camera,1775762897.133798122,1,0,1,1,1,0,1,0.0000,-1.0000,2.0693,-1.0000,0.0000,0.0000,0.3215
1786563883582,158,camera,1775762897.533627033,1,0,1,1,1,0,1,0.0000,-1.0000,3.3017,-1.0000,0.0000,0.0000,0.3287
1786563883954,159,camera,1775762897.900827169,1,0,1,1,1,0,1,0.0000,-1.0000,0.7817,-1.0000,0.0000,0.0000,0.3450
1786563884191,160,lidar,18175.813812560,0,1,0,0,0,0,0,-1.0000,0.0000,-1.0000,-1.0000,-1.0000,-1.0000,0.1762
1786563884360,161,camera,1775762898.300381899,1,0,1,1,1,0,1,0.0000,-1.0000,1.3617,-1.0000,66.6320,0.0000,0.3759
1786563884618,162,lidar,18176.813804560,0,1,0,0,0,0,0,-1.0000,0.0000,-1.0000,-1.0000,-1.0000,-1.0000,0.2246
1786563884676,163,camera,1775762898.633749008,1,0,1,0,1,0,0,0.0000,-1.0000,5.3128,-1.0000,-1.0000,162.5097,0.3628
1786563886270,164,camera,1775762900.233884096,1,0,1,0,1,0,1,0.0000,-1.0000,2.0853,-1.0000,0.0000,1762.6447,0.2500
1786563886631,165,lidar,18178.813816560,0,1,0,0,0,0,0,-1.0000,0.0000,-1.0000,-1.0000,-1.0000,-1.0000,0.1476
1786563887023,166,camera,1775762900.967123985,1,0,1,1,1,0,1,0.0000,-1.0000,0.1753,-1.0000,0.0000,0.0000,0.2133
1786563887738,167,camera,1775762901.700629950,1,0,1,1,1,0,1,0.0000,-1.0000,3.6013,-1.0000,0.0000,0.0000,0.5237
1786563888405,168,camera,1775762902.367383957,1,0,1,1,1,0,1,0.0000,-1.0000,6.1853,-1.0000,0.0000,0.0000,0.3056
1786563888650,169,lidar,18180.813791560,0,1,0,0,0,0,0,-1.0000,0.0000,-1.0000,-1.0000,-1.0000,-1.0000,0.1641
1786563888823,170,camera,1775762902.767255068,1,0,1,1,1,0,1,0.0000,-1.0000,5.5263,-1.0000,0.0000,0.0000,0.1789
1786563889483,171,camera,1775762903.434138060,1,0,1,1,1,0,1,0.0000,-1.0000,0.7918,-1.0000,0.0000,0.0000,0.3189
1786563889789,172,camera,1775762903.734012127,1,0,1,0,1,0,1,0.0000,-1.0000,1.8308,-1.0000,0.0000,250.0036,0.4253
1786563890045,173,lidar,18181.813784560,0,1,0,0,0,0,0,-1.0000,0.0000,-1.0000,-1.0000,-1.0000,-1.0000,0.1548
1786563890091,174,camera,1775762904.034018040,1,0,1,0,1,0,0,0.0000,-1.0000,2.0632,-1.0000,-1.0000,550.0096,0.3355
1786563890371,175,camera,1775762904.334247112,1,0,1,0,1,0,0,0.0000,-1.0000,4.3958,-1.0000,-1.0000,850.2386,0.3054
1786563890577,176,lidar,18182.813789560,0,1,0,0,0,0,0,-1.0000,0.0000,-1.0000,-1.0000,-1.0000,-1.0000,0.1712
1786563890722,177,camera,1775762904.667523146,1,0,1,0,1,0,1,0.0000,-1.0000,5.9143,-1.0000,0.0000,1183.5146,0.2894
1786563891036,178,camera,1775762905.000786066,1,0,1,0,1,0,1,0.0000,-1.0000,0.1777,-1.0000,0.0000,1516.7776,0.3376
1786563891373,179,camera,1775762905.336220980,1,0,1,0,1,0,1,0.0000,-1.0000,4.0977,-1.0000,0.0000,1852.2126,0.3543
1786563891685,180,camera,1775762905.634289265,1,0,1,0,1,0,1,0.0000,-1.0000,4.8647,-1.0000,0.0000,2150.2806,0.2997
1786563892019,181,camera,1775762905.967671156,1,0,1,1,1,0,1,0.0000,-1.0000,3.2402,-1.0000,0.0000,0.0000,0.4108
1786563892347,182,camera,1775762906.302808046,1,0,1,1,1,0,1,0.0000,-1.0000,4.9257,-1.0000,0.0000,0.0000,0.3464
1786563892736,183,camera,1775762906.667752981,1,0,1,1,1,0,1,0.0000,-1.0000,0.4043,-1.0000,0.0000,0.0000,0.3506
1786563893049,184,camera,1775762907.001144171,1,0,1,1,1,0,1,0.0000,-1.0000,3.3547,-1.0000,0.0000,0.0000,0.3868
1786563893414,185,camera,1775762907.367635965,1,0,1,1,1,0,1,0.0000,-1.0000,0.6323,-1.0000,0.0000,0.0000,0.5285
1786563894120,186,camera,1775762908.067890882,1,0,1,1,1,0,1,0.0000,-1.0000,1.3077,-1.0000,0.0000,0.0000,0.3026
1786563894485,187,camera,1775762908.434386253,1,0,1,1,1,0,0,0.0000,-1.0000,33.1023,-1.0000,-1.0000,0.0000,0.2799
1786563894773,188,camera,1775762908.734810114,1,0,1,0,1,0,1,0.0000,-1.0000,8.6987,-1.0000,0.0000,265.6533,0.3196
1786563894823,189,lidar,18186.813801560,0,1,0,0,0,0,0,-1.0000,0.0000,-1.0000,-1.0000,-1.0000,-1.0000,0.1711
1786563895338,190,camera,1775762909.305130959,1,0,1,0,1,0,1,0.0000,-1.0000,3.6827,-1.0000,0.0000,835.9743,0.2947
1786563895822,191,camera,1775762909.768002033,1,0,1,0,1,0,1,0.0000,-1.0000,4.7167,-1.0000,0.0000,1298.8453,0.3100
1786563896237,192,camera,1775762910.201382160,1,0,1,0,1,0,1,0.0000,-1.0000,4.6267,-1.0000,0.0000,1732.2253,0.3936
1786563896586,193,camera,1775762910.534655094,1,0,1,0,1,0,1,0.0000,-1.0000,0.5787,-1.0000,0.0000,2065.4983,0.3434
1786563896939,194,camera,1775762910.901262045,1,0,1,1,1,0,1,0.0000,-1.0000,3.8808,-1.0000,0.0000,0.0000,0.3057
1786563897290,195,camera,1775762911.234779119,1,0,1,1,1,0,1,0.0000,-1.0000,4.4897,-1.0000,0.0000,0.0000,0.3320
1786563897640,196,camera,1775762911.570202112,1,0,1,1,1,0,1,0.0000,-1.0000,1.7083,-1.0000,0.0000,0.0000,0.3341
1786563897833,197,lidar,18189.813868560,0,1,0,0,0,0,0,-1.0000,0.0000,-1.0000,-1.0000,-1.0000,-1.0000,0.1592
1786563898438,198,camera,1775762912.401510239,1,0,1,1,1,0,1,0.0000,-1.0000,2.3563,-1.0000,0.0000,0.0000,0.2881
1786563898814,199,camera,1775762912.768137932,1,0,1,1,1,0,1,0.0000,-1.0000,0.7607,-1.0000,0.0000,0.0000,0.2516
1786563899211,200,camera,1775762913.168203115,1,0,1,1,1,0,1,0.0000,-1.0000,1.7018,-1.0000,0.0000,0.0000,0.3471
1786563899549,201,camera,1775762913.501650095,1,0,1,0,1,0,1,0.0000,-1.0000,0.8588,-1.0000,0.0000,33.9898,0.3669
1786563899634,202,lidar,18191.813768560,0,1,0,0,0,0,0,-1.0000,0.0000,-1.0000,-1.0000,-1.0000,-1.0000,0.1186
1786563899836,203,camera,1775762913.801635981,1,0,1,0,1,0,1,0.0000,-1.0000,2.0098,-1.0000,0.0000,333.9758,0.3775
1786563900192,204,camera,1775762914.135040045,1,0,1,0,1,0,1,0.0000,-1.0000,3.6563,-1.0000,0.0000,667.3798,0.3655
1786563900586,205,camera,1775762914.534889936,1,0,1,0,1,0,1,0.0000,-1.0000,4.2262,-1.0000,0.0000,1067.2298,0.2799
1786563900908,206,camera,1775762914.868381977,1,0,1,0,1,0,1,0.0000,-1.0000,0.0408,-1.0000,0.0000,1400.7218,0.2894
1786563901285,207,camera,1775762915.235008001,1,0,1,0,1,0,1,0.0000,-1.0000,0.5457,-1.0000,0.0000,1767.3478,0.4056
1786563901621,208,lidar,18193.813749560,0,1,0,0,0,0,0,-1.0000,0.0000,-1.0000,-1.0000,-1.0000,-1.0000,0.1659
1786563901654,209,camera,1775762915.601766109,1,0,1,0,1,0,1,0.0000,-1.0000,4.0648,-1.0000,0.0000,2134.1058,0.4009
1786563901939,210,camera,1775762915.901745081,1,0,1,1,1,0,1,0.0000,-1.0000,4.9212,-1.0000,0.0000,0.0000,0.3055
1786563902625,211,camera,1775762916.568503141,1,0,1,1,1,0,1,0.0000,-1.0000,4.2107,-1.0000,0.0000,0.0000,0.3365
1786563903571,212,lidar,18195.813791560,0,1,0,0,0,0,0,-1.0000,0.0000,-1.0000,-1.0000,-1.0000,-1.0000,0.1794
1786563903688,213,camera,1775762917.635265112,1,0,1,1,1,0,1,0.0000,-1.0000,5.4062,-1.0000,0.0000,0.0000,0.3800
1786563904407,214,camera,1775762918.368514061,1,0,1,1,1,0,1,0.0000,-1.0000,4.6553,-1.0000,0.0000,0.0000,0.3467
1786563904742,215,camera,1775762918.702007055,1,0,1,0,1,0,1,0.0000,-1.0000,1.8767,-1.0000,0.0000,234.6279,0.2936
1786563905920,216,camera,1775762919.869062185,1,0,1,0,1,0,1,0.0000,-1.0000,5.5408,-1.0000,0.0000,1401.6830,0.3531
1786563906562,217,lidar,18198.813805560,0,1,0,0,0,0,0,-1.0000,0.0000,-1.0000,-1.0000,-1.0000,-1.0000,0.1630
1786563907074,218,camera,1775762921.035396099,1,0,1,1,1,0,0,0.0000,-1.0000,2.7877,-1.0000,-1.0000,0.0000,0.3831
1786563907459,219,camera,1775762921.404824018,1,0,1,1,1,0,1,0.0000,-1.0000,0.2097,-1.0000,0.0000,0.0000,0.3567
1786563907855,220,camera,1775762921.802327156,1,0,1,1,1,0,1,0.0000,-1.0000,2.6133,-1.0000,0.0000,0.0000,0.3398
1786563908205,221,camera,1775762922.169724226,1,0,1,1,1,0,1,0.0000,-1.0000,0.6303,-1.0000,0.0000,0.0000,0.3204
1786563908590,222,lidar,18200.813799560,0,1,0,0,0,0,0,-1.0000,0.0000,-1.0000,-1.0000,-1.0000,-1.0000,0.1585
1786563908932,223,camera,1775762922.869010925,1,0,1,1,1,0,1,0.0000,-1.0000,4.1673,-1.0000,0.0000,0.0000,0.2957
1786563909561,224,lidar,18201.813803560,0,1,0,0,0,0,0,-1.0000,0.0000,-1.0000,-1.0000,-1.0000,-1.0000,0.1684
1786563909688,225,camera,1775762923.635653019,1,0,1,0,1,0,1,0.0000,-1.0000,3.8443,-1.0000,0.0000,144.1712,0.4018
1786563910049,226,camera,1775762924.002274990,1,0,1,0,1,0,1,0.0000,-1.0000,0.3563,-1.0000,0.0000,510.7932,0.3049
1786563910450,227,camera,1775762924.402266026,1,0,1,0,1,0,1,0.0000,-1.0000,2.7177,-1.0000,0.0000,910.7842,0.3010
1786563910822,228,camera,1775762924.770303011,1,0,1,0,1,0,1,0.0000,-1.0000,2.8143,-1.0000,0.0000,1278.8212,0.3433
1786563911158,229,camera,1775762925.102514982,1,0,1,0,1,0,1,0.0000,-1.0000,2.1287,-1.0000,0.0000,1611.0332,0.2620
1786563911575,230,lidar,18203.813787560,0,1,0,0,0,0,0,-1.0000,0.0000,-1.0000,-1.0000,-1.0000,-1.0000,0.1686
1786563911627,231,camera,1775762925.569084883,1,0,1,0,1,0,1,0.0000,-1.0000,3.0713,-1.0000,0.0000,2077.6032,0.2692
1786563912807,232,camera,1775762926.769263029,1,0,1,1,1,0,1,0.0000,-1.0000,0.8757,-1.0000,0.0000,0.0000,0.3444
1786563913219,233,camera,1775762927.169269085,1,0,1,1,1,0,1,0.0000,-1.0000,1.1353,-1.0000,0.0000,0.0000,0.4030
1786563913589,234,camera,1775762927.536714077,1,0,1,1,1,0,1,0.0000,-1.0000,1.5297,-1.0000,0.0000,0.0000,0.3675
1786563913922,235,camera,1775762927.869399071,1,0,1,1,1,0,1,0.0000,-1.0000,3.4647,-1.0000,0.0000,0.0000,0.2987
1786563914262,236,camera,1775762928.202770233,1,0,1,1,1,0,1,0.0000,-1.0000,2.1787,-1.0000,0.0000,0.0000,0.3417
1786563914641,237,camera,1775762928.602771044,1,0,1,0,1,0,1,0.0000,-1.0000,4.8973,-1.0000,0.0000,129.3648,0.3596
1786563915085,238,camera,1775762929.036143064,1,0,1,0,1,0,1,0.0000,-1.0000,2.2493,-1.0000,0.0000,562.7368,0.3830
1786563915499,239,camera,1775762929.436018229,1,0,1,0,1,0,1,0.0000,-1.0000,3.4757,-1.0000,0.0000,962.6118,0.3961
1786563915815,240,camera,1775762929.769522190,1,0,1,0,1,0,1,0.0000,-1.0000,2.0567,-1.0000,0.0000,1296.1158,0.3168
1786563916166,241,camera,1775762930.102895021,1,0,1,0,1,0,1,0.0000,-1.0000,3.3037,-1.0000,0.0000,1629.4888,0.4004
1786563916511,242,camera,1775762930.469506025,1,0,1,0,1,0,1,0.0000,-1.0000,1.4127,-1.0000,0.0000,1996.0998,0.3265
1786563916886,243,camera,1775762930.836288929,1,0,1,0,1,0,1,0.0000,-1.0000,0.6903,-1.0000,0.0000,2362.8828,0.2769
1786563917281,244,camera,1775762931.236146212,1,0,1,1,1,0,1,0.0000,-1.0000,4.6527,-1.0000,0.0000,0.0000,0.2984
1786563917673,245,camera,1775762931.636265993,1,0,1,1,1,0,1,0.0000,-1.0000,2.1352,-1.0000,0.0000,0.0000,0.3244
1786563918020,246,camera,1775762931.969519138,1,0,1,1,1,0,1,0.0000,-1.0000,4.4253,-1.0000,0.0000,0.0000,0.3244
1786563918387,247,camera,1775762932.338495970,1,0,1,1,1,0,1,0.0000,-1.0000,1.1248,-1.0000,0.0000,0.0000,0.3384
1786563918591,248,lidar,18210.813792560,0,1,0,0,0,0,0,-1.0000,0.0000,-1.0000,-1.0000,-1.0000,-1.0000,0.1832
1786563919559,249,camera,1775762933.469767094,1,0,1,1,1,0,1,0.0000,-1.0000,2.9008,-1.0000,0.0000,0.0000,0.4499
1786563919604,250,lidar,18211.813808560,0,1,0,0,0,0,0,-1.0000,0.0000,-1.0000,-1.0000,-1.0000,-1.0000,0.1741
1786563920233,251,camera,1775762934.170521021,1,0,1,0,1,0,1,0.0000,-1.0000,1.4723,-1.0000,0.0000,669.7270,0.2669
1786563920579,252,lidar,18212.813802560,0,1,0,0,0,0,0,-1.0000,0.0000,-1.0000,-1.0000,-1.0000,-1.0000,0.1770
1786563920952,253,camera,1775762934.903291225,1,0,1,0,1,0,1,0.0000,-1.0000,1.6273,-1.0000,0.0000,1402.4970,0.2927
1786563921313,254,camera,1775762935.271836042,1,0,1,0,1,0,1,0.0000,-1.0000,2.4727,-1.0000,0.0000,1771.0420,0.3271
1786563921682,255,camera,1775762935.636647224,1,0,1,0,1,0,1,0.0000,-1.0000,2.3683,-1.0000,0.0000,2135.8530,0.2051
1786563922113,256,camera,1775762936.037084818,1,0,1,1,1,0,1,0.0000,-1.0000,0.2587,-1.0000,0.0000,0.0000,0.2018
1786563924090,257,camera,1775762938.036643982,1,0,1,1,1,0,1,0.0000,-1.0000,2.8903,-1.0000,0.0000,0.0000,0.3512
1786563924422,258,camera,1775762938.370028019,1,0,1,1,1,0,1,0.0000,-1.0000,4.5168,-1.0000,0.0000,0.0000,0.3220
1786563924572,259,lidar,18216.813812560,0,1,0,0,0,0,0,-1.0000,0.0000,-1.0000,-1.0000,-1.0000,-1.0000,0.1766
1786563924841,260,camera,1775762938.803519964,1,0,1,0,1,0,1,0.0000,-1.0000,4.9513,-1.0000,0.0000,293.5358,0.3096
1786563925191,261,camera,1775762939.136900187,1,0,1,0,1,0,1,0.0000,-1.0000,1.5088,-1.0000,0.0000,626.9158,0.4092
1786563925620,262,camera,1775762939.570274115,1,0,1,0,1,0,0,0.0000,-1.0000,0.7072,-1.0000,-1.0000,1060.2898,0.2891
1786563926356,263,camera,1775762940.303653002,1,0,1,0,1,0,1,0.0000,-1.0000,5.8443,-1.0000,98.4460,1793.6688,0.3409
1786563926552,264,lidar,18218.813796560,0,1,0,0,0,0,0,-1.0000,0.0000,-1.0000,-1.0000,-1.0000,-1.0000,0.1830
1786563926721,265,camera,1775762940.670419931,1,0,1,0,1,0,1,0.0000,-1.0000,0.3338,-1.0000,0.0000,2160.4358,0.4032
1786563927139,266,camera,1775762941.070271969,1,0,1,0,1,0,1,0.0000,-1.0000,5.0142,-1.0000,0.0000,2560.2878,0.3499
1786563927543,267,camera,1775762941.504097939,1,0,1,1,1,0,1,0.0000,-1.0000,3.3518,-1.0000,0.0000,0.0000,0.3974
1786563927572,268,lidar,18219.813802560,0,1,0,0,0,0,0,-1.0000,0.0000,-1.0000,-1.0000,-1.0000,-1.0000,0.1741
1786563927887,269,camera,1775762941.836786985,1,0,1,1,1,0,1,0.0000,-1.0000,5.8467,-1.0000,0.0000,0.0000,0.4961
1786563928279,270,camera,1775762942.237030029,1,0,1,1,1,0,1,0.0000,-1.0000,1.8588,-1.0000,0.0000,0.0000,0.1507
1786563928674,271,camera,1775762942.637172937,1,0,1,1,1,0,1,0.0000,-1.0000,0.6657,-1.0000,0.0000,0.0000,0.3737
1786563929087,272,camera,1775762943.037291050,1,0,1,1,1,0,1,0.0000,-1.0000,0.6827,-1.0000,0.0000,0.0000,0.3644
1786563929497,273,camera,1775762943.436908007,1,0,1,1,1,0,1,0.0000,-1.0000,1.2007,-1.0000,0.0000,0.0000,0.3185
1786563929649,274,lidar,18221.813788560,0,1,0,0,0,0,0,-1.0000,0.0000,-1.0000,-1.0000,-1.0000,-1.0000,0.1875
1786563929879,275,camera,1775762943.837273121,1,0,1,1,1,0,1,0.0000,-1.0000,3.8468,-1.0000,0.0000,0.0000,0.4065
1786563930279,276,camera,1775762944.237319946,1,0,1,0,1,0,1,0.0000,-1.0000,3.3638,-1.0000,0.0000,191.5832,0.4940
1786563930626,277,camera,1775762944.570588112,1,0,1,0,1,0,1,0.0000,-1.0000,0.5232,-1.0000,0.0000,524.8512,0.3007
1786563930955,278,camera,1775762944.904026031,1,0,1,0,1,0,1,0.0000,-1.0000,1.7052,-1.0000,0.0000,858.2892,0.2824
1786563931277,279,camera,1775762945.237402201,1,0,1,0,1,0,1,0.0000,-1.0000,2.1208,-1.0000,0.0000,1191.6652,0.3442
1786563931539,280,lidar,18223.813811560,0,1,0,0,0,0,0,-1.0000,0.0000,-1.0000,-1.0000,-1.0000,-1.0000,0.1735
1786563931644,281,camera,1775762945.571660995,1,0,1,0,1,0,1,0.0000,-1.0000,3.3102,-1.0000,0.0000,1525.9242,0.3221
1786563931961,282,camera,1775762945.904303074,1,0,1,1,1,0,1,0.0000,-1.0000,4.8518,-1.0000,0.0000,0.0000,0.2760
1786563932405,283,camera,1775762946.337581158,1,0,1,1,1,0,1,0.0000,-1.0000,0.4252,-1.0000,0.0000,0.0000,0.3282
1786563932551,284,lidar,18224.813816560,0,1,0,0,0,0,0,-1.0000,0.0000,-1.0000,-1.0000,-1.0000,-1.0000,0.1989
1786563932761,285,camera,1775762946.704214096,1,0,1,1,1,0,1,0.0000,-1.0000,1.1678,-1.0000,0.0000,0.0000,0.4198
1786563933155,286,camera,1775762947.104252815,1,0,1,1,1,0,1,0.0000,-1.0000,4.2032,-1.0000,0.0000,0.0000,0.2665
1786563934022,287,camera,1775762947.970797062,1,0,1,1,1,0,1,0.0000,-1.0000,3.7742,-1.0000,0.0000,0.0000,0.3006
1786563934574,288,lidar,18226.813799560,0,1,0,0,0,0,0,-1.0000,0.0000,-1.0000,-1.0000,-1.0000,-1.0000,0.2059
1786563934821,289,camera,1775762948.772356033,1,0,1,0,1,0,1,0.0000,-1.0000,0.0473,-1.0000,0.0000,303.4993,0.3152
1786563935177,290,camera,1775762949.137532234,1,0,1,0,1,0,1,0.0000,-1.0000,1.9892,-1.0000,0.0000,668.6753,0.4022
1786563935588,291,camera,1775762949.537797213,1,0,1,0,1,0,1,0.0000,-1.0000,0.6733,-1.0000,0.0000,1068.9403,0.3786
1786563935964,292,camera,1775762949.904274940,1,0,1,0,1,0,1,0.0000,-1.0000,2.4713,-1.0000,0.0000,1435.4183,0.4305
1786563936328,293,camera,1775762950.271153212,1,0,1,0,1,0,1,0.0000,-1.0000,2.9282,-1.0000,0.0000,1802.2963,0.3586
1786563936550,294,lidar,18228.813805560,0,1,0,0,0,0,0,-1.0000,0.0000,-1.0000,-1.0000,-1.0000,-1.0000,0.1877
1786563936777,295,camera,1775762950.737785101,1,0,1,0,1,0,1,0.0000,-1.0000,4.8087,-1.0000,0.0000,2268.9283,0.3926
1786563937201,296,camera,1775762951.138772011,1,0,1,1,1,0,1,0.0000,-1.0000,6.1733,-1.0000,0.0000,0.0000,0.2715
1786563937563,297,camera,1775762951.504533052,1,0,1,1,1,0,1,0.0000,-1.0000,4.7218,-1.0000,0.0000,0.0000,0.3000
1786563937941,298,camera,1775762951.904532909,1,0,1,1,1,0,1,0.0000,-1.0000,0.4782,-1.0000,0.0000,0.0000,0.4005
1786563938275,299,camera,1775762952.237782955,1,0,1,1,1,0,1,0.0000,-1.0000,3.5468,-1.0000,0.0000,0.0000,0.3864
1786563938552,300,lidar,18230.813812560,0,1,0,0,0,0,0,-1.0000,0.0000,-1.0000,-1.0000,-1.0000,-1.0000,0.2198
1786563938622,301,camera,1775762952.572211027,1,0,1,1,1,0,1,0.0000,-1.0000,1.3802,-1.0000,0.0000,0.0000,0.4457
1786563939429,302,camera,1775762953.372197151,1,0,1,1,1,0,1,0.0000,-1.0000,0.8683,-1.0000,0.0000,0.0000,0.4334
1786563939686,303,lidar,18231.813796560,0,1,0,0,0,0,0,-1.0000,0.0000,-1.0000,-1.0000,-1.0000,-1.0000,0.2335
1786563939832,304,camera,1775762953.772208214,1,0,1,0,1,0,1,0.0000,-1.0000,4.4807,-1.0000,0.0000,293.9836,0.3226
1786563940157,305,camera,1775762954.105810165,1,0,1,0,1,0,1,0.0000,-1.0000,0.4287,-1.0000,0.0000,627.5856,0.3788
1786563940514,306,camera,1775762954.471276045,1,0,1,0,1,0,1,0.0000,-1.0000,5.0673,-1.0000,33.1160,993.0516,0.3879
1786563940565,307,lidar,18232.813799560,0,1,0,0,0,0,0,-1.0000,0.0000,-1.0000,-1.0000,-1.0000,-1.0000,0.2205
1786563940888,308,camera,1775762954.838154078,1,0,1,0,1,0,1,0.0000,-1.0000,1.8353,-1.0000,0.0000,1359.9296,0.3601
1786563941226,309,camera,1775762955.171586990,1,0,1,0,1,0,1,0.0000,-1.0000,5.7183,-1.0000,0.0000,1693.3626,0.4278
1786563941571,310,lidar,18233.813806560,0,1,0,0,0,0,0,-1.0000,0.0000,-1.0000,-1.0000,-1.0000,-1.0000,0.2171
1786563941590,311,camera,1775762955.538038015,1,0,1,0,1,0,1,0.0000,-1.0000,3.0107,-1.0000,0.0000,2059.8136,0.3641
1786563942482,312,camera,1775762956.438289165,1,0,1,1,1,0,1,0.0000,-1.0000,2.6847,-1.0000,0.0000,0.0000,0.3580
1786563942550,313,lidar,18234.813797560,0,1,0,0,0,0,0,-1.0000,0.0000,-1.0000,-1.0000,-1.0000,-1.0000,0.1808
1786563942888,314,camera,1775762956.838156939,1,0,1,1,1,0,1,0.0000,-1.0000,0.8117,-1.0000,0.0000,0.0000,0.3267
1786563943212,315,camera,1775762957.171666145,1,0,1,1,1,0,1,0.0000,-1.0000,1.7352,-1.0000,0.0000,0.0000,0.2455
1786563943560,316,lidar,18235.813802560,0,1,0,0,0,0,0,-1.0000,0.0000,-1.0000,-1.0000,-1.0000,-1.0000,0.2122
1786563943592,317,camera,1775762957.538457155,1,0,1,1,1,0,1,0.0000,-1.0000,0.3758,-1.0000,0.0000,0.0000,0.4553
1786563943942,318,camera,1775762957.905433178,1,0,1,1,1,0,1,0.0000,-1.0000,2.3932,-1.0000,0.0000,0.0000,0.4060
1786563944292,319,camera,1775762958.238282919,1,0,1,1,1,0,0,0.0000,-1.0000,3.8332,-1.0000,-1.0000,0.0000,0.4203
1786563944697,320,camera,1775762958.638473034,1,0,1,0,1,0,1,0.0000,-1.0000,1.2457,-1.0000,0.0000,152.8432,0.3880
1786563944795,321,lidar,18236.813799560,0,1,0,0,0,0,0,-1.0000,0.0000,-1.0000,-1.0000,-1.0000,-1.0000,0.1816
1786563945090,322,camera,1775762959.038401127,1,0,1,0,1,0,1,0.0000,-1.0000,1.4527,-1.0000,0.0000,552.7712,0.3332
1786563945760,323,camera,1775762959.673088074,1,0,1,0,1,0,1,0.0000,-1.0000,2.4232,-1.0000,0.0000,1187.4582,0.3374
1786563946547,324,camera,1775762960.505863905,1,0,1,0,1,0,1,0.0000,-1.0000,2.8397,-1.0000,0.0000,2020.2342,0.3681
1786563946615,325,lidar,18237.813811560,0,1,0,0,0,0,0,-1.0000,0.0000,-1.0000,-1.0000,-1.0000,-1.0000,0.1943
1786563946881,326,camera,1775762960.838669062,1,0,1,0,1,0,1,0.0000,-1.0000,0.7403,-1.0000,0.0000,2353.0392,0.3092
1786563947616,327,camera,1775762961.572026014,1,0,1,1,1,0,1,0.0000,-1.0000,5.3927,-1.0000,0.0000,0.0000,0.5415
1786563948042,328,camera,1775762962.005328178,1,0,1,1,1,0,1,0.0000,-1.0000,4.9818,-1.0000,0.0000,0.0000,0.2655
1786563948409,329,camera,1775762962.372287035,1,0,1,1,1,0,1,0.0000,-1.0000,4.7283,-1.0000,0.0000,0.0000,0.4185
1786563950410,330,camera,1775762964.372295856,1,0,1,0,1,0,1,0.0000,-1.0000,24.3223,-1.0000,0.0000,869.4993,0.3729
1786563950753,331,lidar,18242.813808560,0,1,0,0,0,0,0,-1.0000,0.0000,-1.0000,-1.0000,-1.0000,-1.0000,0.2643
1786563951567,332,camera,1775762965.507490158,1,0,1,0,1,0,1,0.0000,-1.0000,0.3687,-1.0000,0.0000,2004.6933,0.4280
1786563952008,333,camera,1775762965.939038992,1,0,1,1,1,0,1,0.0000,-1.0000,3.1878,-1.0000,0.0000,0.0000,0.2720
1786563952461,334,camera,1775762966.405539989,1,0,1,1,1,0,1,0.0000,-1.0000,3.8887,-1.0000,0.0000,0.0000,0.3500
1786563952890,335,camera,1775762966.839046240,1,0,1,1,1,0,1,0.0000,-1.0000,0.9077,-1.0000,0.0000,0.0000,0.4545
1786563953261,336,camera,1775762967.206843138,1,0,1,1,1,0,1,0.0000,-1.0000,2.8557,-1.0000,0.0000,0.0000,0.4115
1786563953610,337,camera,1775762967.572413921,1,0,1,1,1,0,0,0.0000,-1.0000,4.4972,-1.0000,-1.0000,0.0000,0.3502
1786563954026,338,camera,1775762967.972530127,1,0,1,1,1,0,1,0.0000,-1.0000,4.5162,-1.0000,0.0000,0.0000,0.3788
1786563954391,339,camera,1775762968.339041948,1,0,1,1,1,0,1,0.0000,-1.0000,2.3808,-1.0000,0.0000,0.0000,0.4320
1786563954799,340,camera,1775762968.741839170,1,0,1,0,1,0,1,0.0000,-1.0000,0.0222,-1.0000,0.0000,232.9221,0.3545
1786563954827,341,lidar,18246.813800560,0,1,0,0,0,0,0,-1.0000,0.0000,-1.0000,-1.0000,-1.0000,-1.0000,0.2030
1786563955216,342,camera,1775762969.172538042,1,0,1,0,1,0,0,0.0000,-1.0000,0.1518,-1.0000,-1.0000,663.6211,0.2637
1786563955594,343,camera,1775762969.539197922,1,0,1,0,1,0,1,0.0000,-1.0000,0.4007,-1.0000,0.0000,1030.2811,0.3516
1786563955857,344,lidar,18247.813808560,0,1,0,0,0,0,0,-1.0000,0.0000,-1.0000,-1.0000,-1.0000,-1.0000,0.1788
1786563955983,345,camera,1775762969.939203024,1,0,1,0,1,0,1,0.0000,-1.0000,3.0632,-1.0000,0.0000,1430.2861,0.3890
1786563956347,346,camera,1775762970.306411028,1,0,1,0,1,0,0,0.0000,-1.0000,0.5352,-1.0000,-1.0000,1797.4941,0.3733
1786563956727,347,camera,1775762970.673670053,1,0,1,0,1,0,0,0.0000,-1.0000,2.0438,-1.0000,-1.0000,2164.7531,0.4749
1786563956878,348,lidar,18248.813790560,0,1,0,0,0,0,0,-1.0000,0.0000,-1.0000,-1.0000,-1.0000,-1.0000,0.1895
1786563957112,349,camera,1775762971.039288044,1,0,1,1,1,0,1,0.0000,-1.0000,4.6157,-1.0000,0.0000,0.0000,0.3907
1786563957631,350,lidar,18249.813795560,0,1,0,0,0,0,0,-1.0000,0.0000,-1.0000,-1.0000,-1.0000,-1.0000,0.1791
1786563957947,351,camera,1775762971.906157970,1,0,1,1,1,0,1,0.0000,-1.0000,3.7368,-1.0000,0.0000,0.0000,0.4462
1786563958255,352,camera,1775762972.206159115,1,0,1,1,1,0,1,0.0000,-1.0000,4.9028,-1.0000,0.0000,0.0000,0.3491
1786563959058,353,camera,1775762973.006162882,1,0,1,1,1,0,1,0.0000,-1.0000,0.4282,-1.0000,0.0000,0.0000,0.4165
1786563959484,354,camera,1775762973.406289101,1,0,1,1,1,0,1,0.0000,-1.0000,12.2253,-1.0000,0.0000,0.0000,0.3836
1786563959784,355,lidar,18251.813786560,0,1,0,0,0,0,0,-1.0000,0.0000,-1.0000,-1.0000,-1.0000,-1.0000,0.2100
1786563959955,356,camera,1775762973.906321049,1,0,1,0,1,0,1,0.0000,-1.0000,3.1048,-1.0000,0.0000,390.4457,0.3928
1786563960744,357,camera,1775762974.706295967,1,0,1,0,1,0,1,0.0000,-1.0000,3.0502,-1.0000,0.0000,1190.4207,0.3701
1786563960798,358,lidar,18252.813815560,0,1,0,0,0,0,0,-1.0000,0.0000,-1.0000,-1.0000,-1.0000,-1.0000,0.1924
1786563961124,359,camera,1775762975.073044062,1,0,1,0,1,0,1,0.0000,-1.0000,1.1928,-1.0000,0.0000,1557.1687,0.4394
1786563961558,360,camera,1775762975.506435156,1,0,1,0,1,0,1,0.0000,-1.0000,1.0988,-1.0000,0.0000,1990.5597,0.2817
1786563961577,361,lidar,18253.813810560,0,1,0,0,0,0,0,-1.0000,0.0000,-1.0000,-1.0000,-1.0000,-1.0000,0.2309
1786563961915,362,camera,1775762975.873168230,1,0,1,0,1,0,1,0.0000,-1.0000,5.3268,-1.0000,0.0000,2357.2927,0.3106
1786563962326,363,camera,1775762976.239789009,1,0,1,1,1,0,1,0.0000,-1.0000,5.7672,-1.0000,0.0000,0.0000,0.3923
1786563962716,364,camera,1775762976.673015118,1,0,1,1,1,0,1,0.0000,-1.0000,0.9562,-1.0000,0.0000,0.0000,0.4551
1786563965208,365,camera,1775762979.139930010,1,0,1,0,1,0,1,0.0000,-1.0000,1.3988,-1.0000,0.0000,670.5004,0.3299
1786563965644,366,camera,1775762979.574235201,1,0,1,0,1,0,1,0.0000,-1.0000,2.6463,-1.0000,0.0000,1104.8054,0.4185
1786563965656,367,lidar,18257.813803560,0,1,0,0,0,0,0,-1.0000,0.0000,-1.0000,-1.0000,-1.0000,-1.0000,0.2580
1786563966066,368,camera,1775762980.008033991,1,0,1,0,1,0,1,0.0000,-1.0000,3.3878,-1.0000,0.0000,1538.6044,0.3840
1786563966459,369,camera,1775762980.406804085,1,0,1,0,1,0,1,0.0000,-1.0000,3.0422,-1.0000,0.0000,1937.3744,0.3941
1786563967231,370,lidar,18258.813793560,0,1,0,0,0,0,0,-1.0000,0.0000,-1.0000,-1.0000,-1.0000,-1.0000,0.2146
1786563967294,371,camera,1775762981.240047216,1,0,1,1,1,0,1,0.0000,-1.0000,1.2933,-1.0000,0.0000,0.0000,0.3451
1786563967682,372,camera,1775762981.640042067,1,0,1,1,1,0,1,0.0000,-1.0000,0.7583,-1.0000,0.0000,0.0000,0.3572
1786563968062,373,camera,1775762982.006799221,1,0,1,1,1,0,1,0.0000,-1.0000,2.5947,-1.0000,0.0000,0.0000,0.3972
1786563968570,374,lidar,18260.813796560,0,1,0,0,0,0,0,-1.0000,0.0000,-1.0000,-1.0000,-1.0000,-1.0000,0.2077
1786563969266,375,camera,1775762983.207046032,1,0,1,1,1,0,1,0.0000,-1.0000,3.9377,-1.0000,0.0000,0.0000,0.4207
1786563969651,376,camera,1775762983.607046127,1,0,1,0,1,0,1,0.0000,-1.0000,0.6023,-1.0000,0.0000,134.2763,0.4000
1786563970486,377,camera,1775762984.440685034,1,0,1,0,1,0,1,0.0000,-1.0000,2.3087,-1.0000,0.0000,967.9153,0.3918
1786563970996,378,camera,1775762984.941111088,1,0,1,0,1,0,1,0.0000,-1.0000,1.2573,-1.0000,0.0000,1468.3413,0.2168
1786563971430,379,camera,1775762985.374000072,1,0,1,0,1,0,1,0.0000,-1.0000,1.8737,-1.0000,0.0000,1901.2303,0.4016
1786563971816,380,camera,1775762985.773915052,1,0,1,0,1,0,1,0.0000,-1.0000,5.1163,-1.0000,0.0000,2301.1453,0.4010
1786563971867,381,lidar,18263.813797560,0,1,0,0,0,0,0,-1.0000,0.0000,-1.0000,-1.0000,-1.0000,-1.0000,0.1496
1786563972343,382,camera,1775762986.273926258,1,0,1,1,1,0,1,0.0000,-1.0000,6.9427,-1.0000,0.0000,0.0000,0.5251
1786563973154,383,camera,1775762987.107174158,1,0,1,1,1,0,1,0.0000,-1.0000,2.4303,-1.0000,0.0000,0.0000,0.3724
1786563973590,384,lidar,18265.813798560,0,1,0,0,0,0,0,-1.0000,0.0000,-1.0000,-1.0000,-1.0000,-1.0000,0.2103
1786563973593,385,camera,1775762987.540565968,1,0,1,1,1,0,1,0.0000,-1.0000,5.2677,-1.0000,0.0000,0.0000,0.2535
1786563974034,386,camera,1775762987.974052191,1,0,1,1,1,0,1,0.0000,-1.0000,0.1967,-1.0000,0.0000,0.0000,0.3473
1786563974442,387,camera,1775762988.373914003,1,0,1,1,1,0,1,0.0000,-1.0000,5.9347,-1.0000,0.0000,0.0000,0.4475
1786563974603,388,lidar,18266.813805560,0,1,0,0,0,0,0,-1.0000,0.0000,-1.0000,-1.0000,-1.0000,-1.0000,0.2197
1786563974859,389,camera,1775762988.807987928,1,0,1,0,1,0,1,0.0000,-1.0000,2.2593,-1.0000,0.0000,236.9639,0.3954
1786563975248,390,camera,1775762989.207302094,1,0,1,0,1,0,1,0.0000,-1.0000,4.0267,-1.0000,0.0000,636.2779,0.3324
1786563975854,391,lidar,18267.813802560,0,1,0,0,0,0,0,-1.0000,0.0000,-1.0000,-1.0000,-1.0000,-1.0000,0.1333
1786563976263,392,camera,1775762990.207437992,1,0,1,0,1,0,0,0.0000,-1.0000,2.6807,-1.0000,-1.0000,1636.4139,0.4115
1786563976652,393,camera,1775762990.607545137,1,0,1,0,1,0,1,0.0000,-1.0000,1.9813,-1.0000,0.0000,2036.5209,0.2675
1786563976819,394,lidar,18268.813794560,0,1,0,0,0,0,0,-1.0000,0.0000,-1.0000,-1.0000,-1.0000,-1.0000,0.1999
1786563977049,395,camera,1775762991.007676125,1,0,1,1,1,0,1,0.0000,-1.0000,3.0877,-1.0000,0.0000,0.0000,0.3541
1786563977474,396,camera,1775762991.407685041,1,0,1,1,1,0,1,0.0000,-1.0000,1.8513,-1.0000,0.0000,0.0000,0.4148
1786563978250,397,camera,1775762992.207708120,1,0,1,1,1,0,1,0.0000,-1.0000,3.4607,-1.0000,0.0000,0.0000,0.3983
1786563978660,398,camera,1775762992.607802153,1,0,1,1,1,0,1,0.0000,-1.0000,0.9692,-1.0000,0.0000,0.0000,0.3817
1786563979062,399,lidar,18270.813799560,0,1,0,0,0,0,0,-1.0000,0.0000,-1.0000,-1.0000,-1.0000,-1.0000,0.2230
1786563979064,400,camera,1775762993.007431269,1,0,1,1,1,0,1,0.0000,-1.0000,1.4752,-1.0000,0.0000,0.0000,0.2562
1786563979561,401,camera,1775762993.507738113,1,0,1,0,1,0,0,0.0000,-1.0000,2.6032,-1.0000,-1.0000,43.1008,0.4451
1786563979813,402,lidar,18271.813804560,0,1,0,0,0,0,0,-1.0000,0.0000,-1.0000,-1.0000,-1.0000,-1.0000,0.2022
1786563979961,403,camera,1775762993.907795906,1,0,1,0,1,0,1,0.0000,-1.0000,5.2127,-1.0000,0.0000,443.1588,0.4175
1786563980338,404,camera,1775762994.274549007,1,0,1,0,1,0,1,0.0000,-1.0000,5.6722,-1.0000,0.0000,809.9118,0.4257
1786563980680,405,camera,1775762994.641047001,1,0,1,0,1,0,1,0.0000,-1.0000,6.2758,-1.0000,0.0000,1176.4098,0.3225
1786563981098,406,camera,1775762995.041297197,1,0,1,0,1,0,1,0.0000,-1.0000,3.8583,-1.0000,0.0000,1576.6598,0.3033
1786563981172,407,lidar,18272.813810560,0,1,0,0,0,0,0,-1.0000,0.0000,-1.0000,-1.0000,-1.0000,-1.0000,0.2306
1786563981458,408,camera,1775762995.407795906,1,0,1,0,1,0,1,0.0000,-1.0000,4.4527,-1.0000,0.0000,1943.1588,0.4122
1786563981847,409,camera,1775762995.775358915,1,0,1,0,1,0,1,0.0000,-1.0000,0.9628,-1.0000,0.0000,2310.7218,0.4044
1786563983216,410,camera,1775762997.174807072,1,0,1,1,1,0,1,0.0000,-1.0000,2.4708,-1.0000,0.0000,0.0000,0.2485
1786563983540,411,lidar,18275.813810560,0,1,0,0,0,0,0,-1.0000,0.0000,-1.0000,-1.0000,-1.0000,-1.0000,0.2197
1786563983612,412,camera,1775762997.574674845,1,0,1,1,1,0,1,0.0000,-1.0000,2.8612,-1.0000,0.0000,0.0000,0.4060
1786563984686,413,camera,1775762998.641443014,1,0,1,0,1,0,1,0.0000,-1.0000,0.2568,-1.0000,0.0000,176.7663,0.4474
1786563985832,414,camera,1775762999.774806023,1,0,1,0,1,0,1,0.0000,-1.0000,1.5923,-1.0000,0.0000,1310.1293,0.4665
1786563986181,415,camera,1775763000.141690016,1,0,1,0,1,0,1,0.0000,-1.0000,3.7963,-1.0000,66.7510,1677.0133,0.3034
1786563986550,416,camera,1775763000.508174181,1,0,1,0,1,0,1,0.0000,-1.0000,5.6003,-1.0000,0.0000,2043.4973,0.6488
1786563986981,417,camera,1775763000.942139149,1,0,1,1,1,0,0,0.0000,-1.0000,1.1278,-1.0000,-1.0000,0.0000,0.3246
1786563987316,418,camera,1775763001.274927139,1,0,1,1,1,0,0,0.0000,-1.0000,0.7042,-1.0000,-1.0000,0.0000,0.4179
1786563987572,419,lidar,18279.813819560,0,1,0,0,0,0,0,-1.0000,0.0000,-1.0000,-1.0000,-1.0000,-1.0000,0.2436
1786563989571,420,lidar,18281.813807560,0,1,0,0,0,0,0,-1.0000,0.0000,-1.0000,-1.0000,-1.0000,-1.0000,0.2136
1786563989992,421,camera,1775763002.008305073,1,0,1,1,1,0,1,0.0000,-1.0000,2.5938,-1.0000,0.0000,0.0000,0.4977
1786563989994,422,camera,1775763002.708172083,1,0,1,1,1,1,1,0.0000,-1.0000,2.2692,0.0000,0.0000,0.0000,0.3952
1786563989995,423,camera,1775763003.508432150,1,0,1,0,1,0,1,0.0000,-1.0000,0.5342,-1.0000,0.0000,33.0111,0.1070
1786563990380,424,camera,1775763004.341814995,1,0,1,0,1,0,1,0.0000,-1.0000,0.7862,-1.0000,0.0000,866.3941,0.3780
1786563990549,425,lidar,18282.813796560,0,1,0,0,0,0,0,-1.0000,0.0000,-1.0000,-1.0000,-1.0000,-1.0000,0.1340
1786563990762,426,camera,1775763004.708683968,1,0,1,0,1,0,1,0.0000,-1.0000,3.6622,-1.0000,66.3460,1233.2631,0.4093
1786563991538,427,lidar,18283.813802560,0,1,0,0,0,0,0,-1.0000,0.0000,-1.0000,-1.0000,-1.0000,-1.0000,0.1897
1786563992993,428,camera,1775763005.108685970,1,0,1,1,1,1,1,0.0000,-1.0000,1.2698,0.0000,0.0000,0.0000,0.3988
1786563992995,429,camera,1775763005.442045927,1,0,1,1,1,1,1,0.0000,-1.0000,2.1927,0.0000,0.0000,0.0000,0.4030
1786563992996,430,camera,1775763005.875307083,1,0,1,1,1,1,1,0.0000,-1.0000,3.0758,0.0000,0.0000,0.0000,0.1292
1786563992997,431,camera,1775763006.242171049,1,0,1,1,1,1,1,0.0000,-1.0000,2.7273,0.0000,0.0000,0.0000,0.2085
1786563993084,432,camera,1775763007.042276144,1,0,1,1,1,0,1,0.0000,-1.0000,0.0298,-1.0000,0.0000,0.0000,0.3949
1786563993550,433,camera,1775763007.508795023,1,0,1,1,1,0,1,0.0000,-1.0000,4.7187,-1.0000,0.0000,0.0000,0.1715
1786563993942,434,camera,1775763007.875751972,1,0,1,1,1,0,1,0.0000,-1.0000,2.8017,-1.0000,0.0000,0.0000,0.3846
1786563994320,435,camera,1775763008.275678873,1,0,1,1,1,0,1,0.0000,-1.0000,4.2003,-1.0000,0.0000,0.0000,0.4393
1786563994584,436,lidar,18286.813794560,0,1,0,0,0,0,0,-1.0000,0.0000,-1.0000,-1.0000,-1.0000,-1.0000,0.2244
1786563994680,437,camera,1775763008.642196894,1,0,1,0,1,0,1,0.0000,-1.0000,0.6083,-1.0000,0.0000,172.3244,0.3435
1786563995591,438,lidar,18287.813807560,0,1,0,0,0,0,0,-1.0000,0.0000,-1.0000,-1.0000,-1.0000,-1.0000,0.2115
1786563995991,439,camera,1775763009.042300224,1,0,1,0,1,0,1,0.0000,-1.0000,4.8887,-1.0000,0.0000,572.4274,0.3405
1786563995992,440,camera,1775763009.408924103,1,0,1,0,1,0,1,0.0000,-1.0000,5.8397,-1.0000,0.0000,939.0514,0.2112
1786563997564,441,lidar,18289.813803560,0,1,0,0,0,0,0,-1.0000,0.0000,-1.0000,-1.0000,-1.0000,-1.0000,0.2812
1786563998561,442,lidar,18290.813811560,0,1,0,0,0,0,0,-1.0000,0.0000,-1.0000,-1.0000,-1.0000,-1.0000,0.1971
1786563999000,443,camera,1775763011.009062052,1,0,1,1,1,0,1,0.0000,-1.0000,0.0958,-1.0000,0.0000,0.0000,0.3649
1786563999002,444,camera,1775763011.409180164,1,0,1,1,1,1,1,0.0000,-1.0000,0.0788,0.0000,0.0000,0.0000,0.2442
1786563999003,445,camera,1775763012.176082134,1,0,1,1,1,1,1,0.0000,-1.0000,0.3667,0.0000,0.0000,0.0000,0.2084
1786563999082,446,camera,1775763013.042940140,1,0,1,1,1,0,1,0.0000,-1.0000,2.1562,-1.0000,0.0000,0.0000,0.3446
1786563999970,447,camera,1775763013.909436941,1,0,1,0,1,0,1,0.0000,-1.0000,1.7742,-1.0000,0.0000,442.7548,0.3176
1786564000564,448,lidar,18292.813793560,0,1,0,0,0,0,0,-1.0000,0.0000,-1.0000,-1.0000,-1.0000,-1.0000,0.2126
1786564001564,449,lidar,18293.813800560,0,1,0,0,0,0,0,-1.0000,0.0000,-1.0000,-1.0000,-1.0000,-1.0000,0.1633
1786564001993,450,camera,1775763014.275937080,1,0,1,1,1,0,1,0.0000,-1.0000,5.0192,-1.0000,0.0000,0.0000,0.3652
1786564001995,451,camera,1775763014.676178932,1,0,1,1,1,1,1,0.0000,-1.0000,4.9122,0.0000,0.0000,0.0000,0.3286
1786564004553,452,lidar,18296.813815560,0,1,0,0,0,0,0,-1.0000,0.0000,-1.0000,-1.0000,-1.0000,-1.0000,0.2278
1786564004994,453,camera,1775763016.409555912,1,0,1,1,1,1,1,0.0000,-1.0000,3.7652,0.0000,0.0000,0.0000,0.4500
1786564005005,454,camera,1775763017.909559965,1,0,1,1,1,1,1,0.0000,-1.0000,4.0888,0.0000,0.0000,0.0000,0.4097
1786564005006,455,camera,1775763018.676453114,1,0,1,0,1,0,1,0.0000,-1.0000,2.8768,-1.0000,0.0000,211.4861,0.2488
1786564005122,456,camera,1775763019.076314211,1,0,1,0,1,0,1,0.0000,-1.0000,0.3272,-1.0000,0.0000,611.3471,0.4945
1786564006573,457,lidar,18298.813795560,0,1,0,0,0,0,0,-1.0000,0.0000,-1.0000,-1.0000,-1.0000,-1.0000,0.2248
1786564007562,458,lidar,18299.813792560,0,1,0,0,0,0,0,-1.0000,0.0000,-1.0000,-1.0000,-1.0000,-1.0000,0.1918
1786564007995,459,camera,1775763019.443181038,1,0,1,1,1,1,1,0.0000,-1.0000,4.0348,0.0000,0.0000,0.0000,0.4108
1786564007997,460,camera,1775763019.876570225,1,0,1,1,1,1,1,0.0000,-1.0000,1.4038,0.0000,0.0000,0.0000,0.3388
1786564008006,461,camera,1775763020.309998035,1,0,1,1,1,0,1,0.0000,-1.0000,1.1882,-1.0000,0.0000,0.0000,0.2487
1786564008007,462,camera,1775763021.409809113,1,0,1,1,1,1,1,0.0000,-1.0000,3.3841,0.0000,0.0000,0.0000,0.1209
1786564008584,463,lidar,18300.813806560,0,1,0,0,0,0,0,-1.0000,0.0000,-1.0000,-1.0000,-1.0000,-1.0000,0.2211
1786564008781,464,camera,1775763022.743839025,1,0,1,1,1,0,1,0.0000,-1.0000,1.0834,-1.0000,0.0000,0.0000,0.4886
1786564010993,465,camera,1775763023.577055931,1,0,1,0,1,1,1,0.0000,-1.0000,1.4246,0.0000,0.0000,98.7075,0.4833
1786564010995,466,camera,1775763023.943566084,1,0,1,0,1,1,1,0.0000,-1.0000,0.4054,0.0000,0.0000,465.2175,0.3159
1786564010996,467,camera,1775763024.310230970,1,0,1,0,1,1,1,0.0000,-1.0000,2.1779,0.0000,0.0000,831.8825,0.2815
1786564010997,468,camera,1775763024.676935911,1,0,1,0,1,0,1,0.0000,-1.0000,3.7621,-1.0000,0.0000,1198.5875,0.2024
1786564011121,469,camera,1775763025.076828241,1,0,1,0,1,0,1,0.0000,-1.0000,3.2049,-1.0000,0.0000,1598.4795,0.3830
1786564011549,470,lidar,18303.813805560,0,1,0,0,0,0,0,-1.0000,0.0000,-1.0000,-1.0000,-1.0000,-1.0000,0.2453
1786564011549,471,camera,1775763025.510258198,1,0,1,0,1,0,1,0.0000,-1.0000,1.9201,-1.0000,0.0000,2031.9095,0.2441
1786564012553,472,lidar,18304.813821560,0,1,0,0,0,0,0,-1.0000,0.0000,-1.0000,-1.0000,-1.0000,-1.0000,0.1961
1786564013562,473,lidar,18305.813802560,0,1,0,0,0,0,0,-1.0000,0.0000,-1.0000,-1.0000,-1.0000,-1.0000,0.2653
1786564013994,474,camera,1775763025.843696117,1,0,1,1,1,1,1,0.0000,-1.0000,4.5029,0.0000,0.0000,0.0000,0.5423
1786564013996,475,camera,1775763026.543710947,1,0,1,1,1,1,1,0.0000,-1.0000,4.8579,0.0000,0.0000,0.0000,0.2233
1786564013998,476,camera,1775763026.877063274,1,0,1,1,1,0,1,0.0000,-1.0000,6.1249,-1.0000,0.0000,0.0000,0.4192
1786564013999,477,camera,1775763027.547693014,1,0,1,1,1,0,1,0.0000,-1.0000,2.4624,-1.0000,0.0000,0.0000,0.2288
1786564014323,478,camera,1775763028.277072191,1,0,1,1,1,0,1,0.0000,-1.0000,5.0139,-1.0000,0.0000,0.0000,0.4384
1786564016603,479,lidar,18308.813793560,0,1,0,0,0,0,0,-1.0000,0.0000,-1.0000,-1.0000,-1.0000,-1.0000,0.2133
1786564016993,480,camera,1775763028.978824854,1,0,1,0,1,1,1,0.0000,-1.0000,4.8656,0.0000,0.0000,442.8730,0.4802
1786564016994,481,camera,1775763029.610570908,1,0,1,0,1,1,1,0.0000,-1.0000,3.8854,0.0000,0.0000,1074.6190,0.3561
1786564017046,482,camera,1775763031.011847973,1,0,1,0,1,0,1,0.0000,-1.0000,0.3751,-1.0000,0.0000,2475.8960,0.3898
1786564017352,483,camera,1775763031.310690165,1,0,1,0,1,0,1,0.0000,-1.0000,0.3681,-1.0000,0.0000,2774.7380,0.3600
1786564017646,484,camera,1775763031.610812902,1,0,1,0,1,0,0,0.0000,-1.0000,0.9199,-1.0000,-1.0000,3074.8610,0.4128
1786564018572,485,lidar,18310.813816560,0,1,0,0,0,0,0,-1.0000,0.0000,-1.0000,-1.0000,-1.0000,-1.0000,0.2240
1786564019586,486,lidar,18311.813810560,0,1,0,0,0,0,0,-1.0000,0.0000,-1.0000,-1.0000,-1.0000,-1.0000,0.1893
1786564019800,487,camera,1775763031.878221035,1,0,1,1,1,1,1,0.0000,-1.0000,4.9479,0.0000,0.0000,0.0000,0.5044
1786564019803,488,camera,1775763032.510710955,1,0,1,1,1,1,1,0.0000,-1.0000,4.3129,0.0000,0.0000,0.0000,0.4558
1786564019804,489,camera,1775763032.810819149,1,0,1,1,1,1,1,0.0000,-1.0000,4.5441,0.0000,0.0000,0.0000,0.2503
1786564019805,490,camera,1775763033.410565138,1,0,1,1,1,1,1,0.0000,-1.0000,0.0644,0.0000,0.0000,0.0000,0.2041
1786564020145,491,camera,1775763034.111842155,1,0,1,1,1,0,1,0.0000,-1.0000,2.6936,-1.0000,0.0000,0.0000,0.2783
1786564020576,492,lidar,18312.813797560,0,1,0,0,0,0,0,-1.0000,0.0000,-1.0000,-1.0000,-1.0000,-1.0000,0.2029
1786564021581,493,lidar,18313.813821560,0,1,0,0,0,0,0,-1.0000,0.0000,-1.0000,-1.0000,-1.0000,-1.0000,0.2313
1786564022581,494,lidar,18314.813803560,0,1,0,0,0,0,0,-1.0000,0.0000,-1.0000,-1.0000,-1.0000,-1.0000,0.2027
1786564023157,495,camera,1775763034.444326162,1,0,1,1,1,0,1,0.0000,-1.0000,2.1521,-1.0000,0.0000,0.0000,0.4322
1786564023159,496,camera,1775763035.177691221,1,0,1,1,1,1,1,0.0000,-1.0000,3.6679,0.0000,0.0000,0.0000,0.2637
1786564023168,497,camera,1775763035.877825975,1,0,1,1,1,1,1,0.0000,-1.0000,0.9271,0.0000,0.0000,0.0000,0.3647
1786564023170,498,camera,1775763036.877831221,1,0,1,1,1,0,1,0.0000,-1.0000,4.7821,-1.0000,0.0000,0.0000,0.2353
1786564023244,499,camera,1775763037.211072922,1,0,1,1,1,0,0,0.0000,-1.0000,3.9799,-1.0000,-1.0000,0.0000,0.4457
1786564023579,500,camera,1775763037.545219183,1,0,1,1,1,0,1,0.0000,-1.0000,0.9709,-1.0000,0.0000,0.0000,0.4309
1786564023919,501,camera,1775763037.879460096,1,0,1,1,1,0,1,0.0000,-1.0000,3.4044,-1.0000,0.0000,0.0000,0.3871
1786564024245,502,camera,1775763038.211328030,1,0,1,1,1,0,1,0.0000,-1.0000,0.9824,-1.0000,0.0000,0.0000,0.4455
1786564024613,503,camera,1775763038.577816010,1,0,1,0,1,0,1,0.0000,-1.0000,2.7904,-1.0000,0.0000,94.5994,0.3977
1786564024791,504,lidar,18315.813806560,0,1,0,0,0,0,0,-1.0000,0.0000,-1.0000,-1.0000,-1.0000,-1.0000,0.2165
1786564024882,505,camera,1775763038.846842051,1,0,1,0,1,0,1,0.0000,-1.0000,3.3714,-1.0000,0.0000,363.6254,0.3791
1786564025189,506,camera,1775763039.144699097,1,0,1,0,1,0,1,0.0000,-1.0000,2.3934,-1.0000,0.0000,661.4824,0.4060
1786564025349,507,camera,1775763039.311195135,1,0,1,0,1,0,1,0.0000,-1.0000,0.7881,-1.0000,0.0000,827.9784,0.3406
1786564025647,508,camera,1775763039.611452818,1,0,1,0,1,0,1,0.0000,-1.0000,4.4301,-1.0000,0.0000,1128.2364,0.4306
1786564025980,509,camera,1775763039.944694042,1,0,1,0,1,0,1,0.0000,-1.0000,0.4141,-1.0000,0.0000,1461.4774,0.3687
1786564026045,510,lidar,18317.813806560,0,1,0,0,0,0,0,-1.0000,0.0000,-1.0000,-1.0000,-1.0000,-1.0000,0.1800
1786564027798,511,lidar,18318.813788560,0,1,0,0,0,0,0,-1.0000,0.0000,-1.0000,-1.0000,-1.0000,-1.0000,0.1854
1786564027875,512,lidar,18319.813812560,0,1,0,0,0,0,0,-1.0000,0.0000,-1.0000,-1.0000,-1.0000,-1.0000,0.2261
1786564029052,513,lidar,18320.813801560,0,1,0,0,0,0,0,-1.0000,0.0000,-1.0000,-1.0000,-1.0000,-1.0000,0.2156
1786564029157,514,camera,1775763040.311322212,1,0,1,1,1,0,1,0.0000,-1.0000,4.0664,-1.0000,0.0000,0.0000,0.5745
1786564029159,515,camera,1775763040.678199053,1,0,1,1,1,1,1,0.0000,-1.0000,1.1984,0.0000,0.0000,0.0000,0.4684
1786564029161,516,camera,1775763040.978677988,1,0,1,1,1,1,1,0.0000,-1.0000,2.2751,0.0000,0.0000,0.0000,0.2501
1786564029162,517,camera,1775763041.344810963,1,0,1,1,1,1,1,0.0000,-1.0000,3.7171,0.0000,0.0000,0.0000,0.2134
1786564029163,518,camera,1775763041.678067923,1,0,1,1,1,1,1,0.0000,-1.0000,5.0599,0.0000,0.0000,0.0000,0.1956
1786564029164,519,camera,1775763042.344925880,1,0,1,1,1,0,1,0.0000,-1.0000,2.3921,-1.0000,0.0000,0.0000,0.1413
1786564029165,520,camera,1775763043.079898119,1,0,1,1,1,0,1,0.0000,-1.0000,5.0349,-1.0000,0.0000,0.0000,0.1723
1786564029487,521,camera,1775763043.445060015,1,0,1,1,1,0,1,0.0000,-1.0000,2.6219,-1.0000,0.0000,0.0000,0.3844
1786564029817,522,camera,1775763043.778322220,1,0,1,0,1,0,0,0.0000,-1.0000,24.0789,-1.0000,-1.0000,264.2427,0.3307
1786564030216,523,camera,1775763044.177947044,1,0,1,0,1,0,1,0.0000,-1.0000,0.3589,-1.0000,0.0000,663.8677,0.3376
1786564030623,524,camera,1775763044.578454018,1,0,1,0,1,0,1,0.0000,-1.0000,1.9516,-1.0000,0.0000,1064.3747,0.2853
1786564030792,525,lidar,18321.813786560,0,1,0,0,0,0,0,-1.0000,0.0000,-1.0000,-1.0000,-1.0000,-1.0000,0.1808
1786564030866,526,lidar,18322.813819560,0,1,0,0,0,0,0,-1.0000,0.0000,-1.0000,-1.0000,-1.0000,-1.0000,0.1913
1786564032024,527,lidar,18323.813798560,0,1,0,0,0,0,0,-1.0000,0.0000,-1.0000,-1.0000,-1.0000,-1.0000,0.2275
1786564032160,528,camera,1775763044.945209026,1,0,1,1,1,1,1,0.0000,-1.0000,2.6559,0.0000,0.0000,0.0000,0.4721
1786564032162,529,camera,1775763046.011943102,1,0,1,1,1,0,1,0.0000,-1.0000,4.3901,-1.0000,0.0000,0.0000,0.2568
1786564032421,530,camera,1775763046.378439903,1,0,1,1,1,0,1,0.0000,-1.0000,5.0244,-1.0000,0.0000,0.0000,0.5725
1786564032749,531,camera,1775763046.711954832,1,0,1,1,1,0,1,0.0000,-1.0000,4.2494,-1.0000,0.0000,0.0000,0.3311
1786564033114,532,camera,1775763047.078704119,1,0,1,1,1,0,1,0.0000,-1.0000,3.8116,-1.0000,0.0000,0.0000,0.3414
1786564033202,533,lidar,18324.813810560,0,1,0,0,0,0,0,-1.0000,0.0000,-1.0000,-1.0000,-1.0000,-1.0000,0.1921
1786564033550,534,camera,1775763047.511962175,1,0,1,1,1,0,1,0.0000,-1.0000,1.0786,-1.0000,0.0000,0.0000,0.3544
1786564033901,535,camera,1775763047.845330238,1,0,1,1,1,0,1,0.0000,-1.0000,0.3519,-1.0000,0.0000,0.0000,0.4494
1786564034186,536,camera,1775763048.145468950,1,0,1,1,1,0,1,0.0000,-1.0000,3.8959,-1.0000,0.0000,0.0000,0.5495
1786564034571,537,lidar,18325.813788560,0,1,0,0,0,0,0,-1.0000,0.0000,-1.0000,-1.0000,-1.0000,-1.0000,0.2120
1786564034631,538,lidar,18326.813818560,0,1,0,0,0,0,0,-1.0000,0.0000,-1.0000,-1.0000,-1.0000,-1.0000,0.2558
1786564034882,539,camera,1775763048.845442057,1,0,1,0,1,0,1,0.0000,-1.0000,3.3961,-1.0000,0.0000,377.2069,0.5118
1786564035181,540,camera,1775763049.145448923,1,0,1,0,1,0,1,0.0000,-1.0000,2.5509,-1.0000,0.0000,677.2139,0.4168
1786564035525,541,camera,1775763049.478703022,1,0,1,0,1,0,1,0.0000,-1.0000,1.3501,-1.0000,0.0000,1010.4679,0.3790
1786564035900,542,camera,1775763049.845615149,1,0,1,0,1,0,1,0.0000,-1.0000,0.5219,-1.0000,0.0000,1377.3799,0.3962
1786564036198,543,lidar,18327.813798560,0,1,0,0,0,0,0,-1.0000,0.0000,-1.0000,-1.0000,-1.0000,-1.0000,0.2056
1786564036309,544,camera,1775763050.245894194,1,0,1,0,1,0,1,0.0000,-1.0000,0.2709,-1.0000,0.0000,1777.6589,0.3701
1786564036685,545,camera,1775763050.646347046,1,0,1,0,1,0,1,0.0000,-1.0000,0.1939,-1.0000,0.0000,2178.1119,0.3747
1786564037015,546,camera,1775763050.978960037,1,0,1,1,1,0,1,0.0000,-1.0000,4.3481,-1.0000,0.0000,0.0000,0.2624
1786564037197,547,lidar,18328.813776560,0,1,0,0,0,0,0,-1.0000,0.0000,-1.0000,-1.0000,-1.0000,-1.0000,0.1782
1786564037614,548,lidar,18329.813776560,0,1,0,0,0,0,0,-1.0000,0.0000,-1.0000,-1.0000,-1.0000,-1.0000,0.2240
1786564038159,549,camera,1775763051.645701170,1,0,1,1,1,0,1,0.0000,-1.0000,3.2929,-1.0000,0.0000,0.0000,0.4784
1786564039057,550,lidar,18330.813785560,0,1,0,0,0,0,0,-1.0000,0.0000,-1.0000,-1.0000,-1.0000,-1.0000,0.2408
1786564039552,551,lidar,18331.813800560,0,1,0,0,0,0,0,-1.0000,0.0000,-1.0000,-1.0000,-1.0000,-1.0000,0.1828
1786564040628,552,lidar,18332.813769560,0,1,0,0,0,0,0,-1.0000,0.0000,-1.0000,-1.0000,-1.0000,-1.0000,0.1224
1786564041174,553,camera,1775763052.349420071,1,0,1,1,1,1,1,0.0000,-1.0000,2.2819,0.0000,0.0000,0.0000,0.4824
1786564041176,554,camera,1775763052.778947115,1,0,1,1,1,1,1,0.0000,-1.0000,1.6761,0.0000,0.0000,0.0000,0.3014
1786564041178,555,camera,1775763053.613084078,1,0,1,0,1,1,1,0.0000,-1.0000,3.5159,0.0000,0.0000,142.2019,0.2159
1786564041179,556,camera,1775763054.412574053,1,0,1,0,1,0,1,0.0000,-1.0000,3.0441,-1.0000,0.0000,941.6919,0.1914
1786564042039,557,camera,1775763055.979341984,1,0,1,1,1,0,1,0.0000,-1.0000,3.7039,-1.0000,0.0000,0.0000,0.4671
1786564043005,558,lidar,18334.813756560,0,1,0,0,0,0,0,-1.0000,0.0000,-1.0000,-1.0000,-1.0000,-1.0000,0.2578
1786564044017,559,lidar,18335.813796560,0,1,0,0,0,0,0,-1.0000,0.0000,-1.0000,-1.0000,-1.0000,-1.0000,0.2139
1786564044157,560,camera,1775763056.779451132,1,0,1,1,1,0,1,0.0000,-1.0000,1.5221,-1.0000,0.0000,0.0000,0.3274
1786564044400,561,camera,1775763058.347160101,1,0,1,1,1,0,0,0.0000,-1.0000,2.9669,-1.0000,-1.0000,0.0000,0.3559
1786564044823,562,lidar,18336.813834560,0,1,0,0,0,0,0,-1.0000,0.0000,-1.0000,-1.0000,-1.0000,-1.0000,0.2365
1786564046578,563,lidar,18338.813804560,0,1,0,0,0,0,0,-1.0000,0.0000,-1.0000,-1.0000,-1.0000,-1.0000,0.2397
1786564047160,564,camera,1775763058.779697180,1,0,1,1,1,1,1,0.0000,-1.0000,5.5861,0.0000,0.0000,0.0000,0.4018
1786564047162,565,camera,1775763059.113058090,1,0,1,1,1,1,1,0.0000,-1.0000,1.7751,0.0000,0.0000,0.0000,0.3533
1786564047163,566,camera,1775763059.446326971,1,0,1,1,1,1,1,0.0000,-1.0000,1.9439,0.0000,0.0000,0.0000,0.2084
1786564047165,567,camera,1775763059.879467010,1,0,1,1,1,0,1,0.0000,-1.0000,6.0061,-1.0000,0.0000,0.0000,0.2573
1786564047166,568,camera,1775763060.279706001,1,0,1,1,1,1,1,0.0000,-1.0000,3.8429,0.0000,0.0000,0.0000,0.1996
1786564047167,569,camera,1775763060.646212101,1,0,1,1,1,0,1,0.0000,-1.0000,2.2961,-1.0000,0.0000,0.0000,0.1829
1786564048196,570,lidar,18339.813816560,0,1,0,0,0,0,0,-1.0000,0.0000,-1.0000,-1.0000,-1.0000,-1.0000,0.2409
1786564049662,571,lidar,18341.813801560,0,1,0,0,0,0,0,-1.0000,0.0000,-1.0000,-1.0000,-1.0000,-1.0000,0.2507
1786564050158,572,camera,1775763061.313297033,1,0,1,1,1,0,1,0.0000,-1.0000,4.4511,-1.0000,0.0000,0.0000,0.3524
1786564050159,573,camera,1775763061.446450949,1,0,1,1,1,0,1,0.0000,-1.0000,1.9529,-1.0000,0.0000,0.0000,0.2979
1786564050160,574,camera,1775763061.712950945,1,0,1,1,1,0,1,0.0000,-1.0000,9.8829,-1.0000,0.0000,0.0000,0.2400
1786564050161,575,camera,1775763062.079833031,1,0,1,1,1,0,1,0.0000,-1.0000,1.5849,-1.0000,0.0000,0.0000,0.2123
1786564050162,576,camera,1775763062.446485043,1,0,1,1,1,0,1,0.0000,-1.0000,0.6619,-1.0000,0.0000,0.0000,0.1851
1786564050163,577,camera,1775763062.846580982,1,0,1,1,1,0,1,0.0000,-1.0000,2.7629,-1.0000,0.0000,0.0000,0.1846
1786564050164,578,camera,1775763063.180601120,1,0,1,1,1,0,1,0.0000,-1.0000,2.1629,-1.0000,0.0000,0.0000,0.1833
1786564050165,579,camera,1775763063.846460104,1,0,1,0,1,0,1,0.0000,-1.0000,1.2181,-1.0000,0.0000,325.9794,0.1764
1786564051395,580,lidar,18342.813807560,0,1,0,0,0,0,0,-1.0000,0.0000,-1.0000,-1.0000,-1.0000,-1.0000,0.2056
1786564051647,581,lidar,18343.813801560,0,1,0,0,0,0,0,-1.0000,0.0000,-1.0000,-1.0000,-1.0000,-1.0000,0.2265
1786564053164,582,camera,1775763064.213346004,1,0,1,1,1,0,1,0.0000,-1.0000,0.6279,-1.0000,0.0000,0.0000,0.4969
1786564053165,583,camera,1775763065.579957008,1,0,1,1,1,0,1,0.0000,-1.0000,2.0314,-1.0000,0.0000,0.0000,0.3021
1786564054787,584,lidar,18346.813808560,0,1,0,0,0,0,0,-1.0000,0.0000,-1.0000,-1.0000,-1.0000,-1.0000,0.2123
1786564055848,585,lidar,18347.813800560,0,1,0,0,0,0,0,-1.0000,0.0000,-1.0000,-1.0000,-1.0000,-1.0000,0.2500
1786564056164,586,camera,1775763067.880089998,1,0,1,1,1,1,1,0.0000,-1.0000,2.6544,0.0000,0.0000,0.0000,0.2924
1786564058172,587,lidar,18349.813803560,0,1,0,0,0,0,0,-1.0000,0.0000,-1.0000,-1.0000,-1.0000,-1.0000,0.2248
1786564059180,588,camera,1775763070.447139025,1,0,1,1,1,1,1,0.0000,-1.0000,0.7841,0.0000,0.0000,0.0000,0.3814
1786564059182,589,camera,1775763071.213835955,1,0,1,1,1,0,1,0.0000,-1.0000,1.0979,-1.0000,0.0000,0.0000,0.2949
1786564059189,590,camera,1775763072.280470133,1,0,1,1,1,1,1,0.0000,-1.0000,4.0819,0.0000,0.0000,0.0000,0.3186
1786564059851,591,lidar,18351.813800560,0,1,0,0,0,0,0,-1.0000,0.0000,-1.0000,-1.0000,-1.0000,-1.0000,0.2203
1786564062164,592,camera,1775763075.514286995,1,0,1,1,1,0,1,0.0000,-1.0000,3.8964,-1.0000,0.0000,0.0000,0.3190
1786564065173,593,camera,1775763076.315310001,1,0,1,1,1,0,1,0.0000,-1.0000,2.9481,-1.0000,0.0000,0.0000,0.4964
1786564065175,594,camera,1775763076.680969000,1,0,1,1,1,0,1,0.0000,-1.0000,4.5016,-1.0000,0.0000,0.0000,0.3946
1786564065176,595,camera,1775763076.980965137,1,0,1,1,1,0,1,0.0000,-1.0000,0.8081,-1.0000,0.0000,0.0000,0.2748
1786564065488,596,camera,1775763079.447849035,1,0,1,0,1,0,1,0.0000,-1.0000,4.4859,-1.0000,0.0000,943.9037,0.3305
1786564065566,597,lidar,18357.813805560,0,1,0,0,0,0,0,-1.0000,0.0000,-1.0000,-1.0000,-1.0000,-1.0000,0.1575
1786564065904,598,camera,1775763079.847846031,1,0,1,0,1,0,1,0.0000,-1.0000,3.2496,-1.0000,0.0000,1343.9007,0.3649
1786564066360,599,camera,1775763080.317624092,1,0,1,0,1,0,1,0.0000,-1.0000,1.9841,-1.0000,0.0000,1813.6787,0.4288
1786564066595,600,lidar,18358.813801560,0,1,0,0,0,0,0,-1.0000,0.0000,-1.0000,-1.0000,-1.0000,-1.0000,0.2543
1786564067581,601,lidar,18359.813804560,0,1,0,0,0,0,0,-1.0000,0.0000,-1.0000,-1.0000,-1.0000,-1.0000,0.2479
1786564068163,602,camera,1775763080.714465141,1,0,1,1,1,0,1,0.0000,-1.0000,4.8519,-1.0000,0.0000,0.0000,0.4771
1786564068165,603,camera,1775763081.447833061,1,0,1,1,1,0,1,0.0000,-1.0000,0.8899,-1.0000,0.0000,0.0000,0.2870
1786564068166,604,camera,1775763081.814713001,1,0,1,1,1,0,1,0.0000,-1.0000,2.7299,-1.0000,0.0000,0.0000,0.2368
1786564068249,605,camera,1775763082.217135191,1,0,1,1,1,0,1,0.0000,-1.0000,0.4481,-1.0000,0.0000,0.0000,0.3898
1786564068584,606,lidar,18360.813818560,0,1,0,0,0,0,0,-1.0000,0.0000,-1.0000,-1.0000,-1.0000,-1.0000,0.2232
1786564068629,607,camera,1775763082.582034111,1,0,1,1,1,0,1,0.0000,-1.0000,4.4809,-1.0000,0.0000,0.0000,0.4875
1786564069354,608,camera,1775763083.314856052,1,0,1,1,1,0,0,0.0000,-1.0000,4.6879,-1.0000,-1.0000,0.0000,0.4036
1786564069586,609,lidar,18361.813799560,0,1,0,0,0,0,0,-1.0000,0.0000,-1.0000,-1.0000,-1.0000,-1.0000,0.2425
1786564071253,610,camera,1775763085.214982033,1,0,1,0,1,0,0,0.0000,-1.0000,3.2386,-1.0000,-1.0000,1742.4289,0.4854
1786564071594,611,lidar,18363.813803560,0,1,0,0,0,0,0,-1.0000,0.0000,-1.0000,-1.0000,-1.0000,-1.0000,0.2344
1786564073577,612,lidar,18365.813791560,0,1,0,0,0,0,0,-1.0000,0.0000,-1.0000,-1.0000,-1.0000,-1.0000,0.2388
1786564074162,613,camera,1775763085.518844128,1,0,1,1,1,0,1,0.0000,-1.0000,4.3209,-1.0000,0.0000,0.0000,0.3146
1786564074163,614,camera,1775763085.882632017,1,0,1,1,1,0,1,0.0000,-1.0000,0.8964,-1.0000,0.0000,0.0000,0.2349
1786564074164,615,camera,1775763086.781722069,1,0,1,1,1,0,1,0.0000,-1.0000,6.0139,-1.0000,0.0000,0.0000,0.1345
1786564074165,616,camera,1775763087.148514032,1,0,1,1,1,0,1,0.0000,-1.0000,8.1259,-1.0000,0.0000,0.0000,0.1094
1786564074166,617,camera,1775763087.515095949,1,0,1,1,1,0,1,0.0000,-1.0000,2.6346,-1.0000,0.0000,0.0000,0.1187
1786564074166,618,camera,1775763087.881848097,1,0,1,1,1,0,1,0.0000,-1.0000,1.9699,-1.0000,0.0000,0.0000,0.0845
1786564074309,619,camera,1775763088.248471022,1,0,1,1,1,0,1,0.0000,-1.0000,1.1521,-1.0000,0.0000,0.0000,0.4329
1786564074584,620,lidar,18366.813804560,0,1,0,0,0,0,0,-1.0000,0.0000,-1.0000,-1.0000,-1.0000,-1.0000,0.1906
1786564074985,621,camera,1775763088.949204922,1,0,1,0,1,0,1,0.0000,-1.0000,0.6119,-1.0000,0.0000,480.5110,0.4361
1786564075357,622,camera,1775763089.315221071,1,0,1,0,1,0,1,0.0000,-1.0000,1.9479,-1.0000,0.0000,846.5270,0.4559
1786564075573,623,lidar,18367.813813560,0,1,0,0,0,0,0,-1.0000,0.0000,-1.0000,-1.0000,-1.0000,-1.0000,0.2018
1786564075690,624,camera,1775763089.648530245,1,0,1,0,1,0,1,0.0000,-1.0000,1.5656,-1.0000,0.0000,1179.8360,0.4309
1786564076454,625,camera,1775763090.415218830,1,0,1,0,1,0,1,0.0000,-1.0000,2.2241,-1.0000,0.0000,1946.5250,0.4842
1786564076563,626,lidar,18368.813865680,0,1,0,0,0,0,0,-1.0000,0.0000,-1.0000,-1.0000,-1.0000,-1.0000,0.2306
1786564076820,627,camera,1775763090.782100916,1,0,1,0,1,0,0,0.0000,-1.0000,2.5546,-1.0000,-1.0000,2313.4070,0.3917
1786564077188,628,camera,1775763091.148597956,1,0,1,0,1,0,1,0.0000,-1.0000,4.3199,-1.0000,0.0000,2679.9040,0.2669
1786564077637,629,camera,1775763091.582204819,1,0,1,0,1,0,1,0.0000,-1.0000,4.4419,-1.0000,0.0000,3113.5110,0.4628
1786564077958,630,camera,1775763091.915451050,1,0,1,1,1,0,1,0.0000,-1.0000,0.5329,-1.0000,0.0000,0.0000,0.3971
1786564078257,631,camera,1775763092.215463161,1,0,1,1,1,0,1,0.0000,-1.0000,3.9499,-1.0000,0.0000,0.0000,0.4268
1786564078550,632,lidar,18370.813863680,0,1,0,0,0,0,0,-1.0000,0.0000,-1.0000,-1.0000,-1.0000,-1.0000,0.2107
1786564080161,633,camera,1775763092.615464926,1,0,1,1,1,0,1,0.0000,-1.0000,4.1831,-1.0000,0.0000,0.0000,0.3180
1786564080163,634,camera,1775763092.948731184,1,0,1,1,1,0,1,0.0000,-1.0000,0.4671,-1.0000,0.0000,0.0000,0.3469
1786564080164,635,camera,1775763093.448974133,1,0,1,1,1,0,1,0.0000,-1.0000,0.3809,-1.0000,0.0000,0.0000,0.1422
1786564080164,636,camera,1775763093.849225044,1,0,1,1,1,0,1,0.0000,-1.0000,0.1019,-1.0000,0.0000,0.0000,0.0965
1786564080224,637,camera,1775763094.182350159,1,0,1,1,1,0,1,0.0000,-1.0000,3.9281,-1.0000,0.0000,0.0000,0.3664
1786564080556,638,camera,1775763094.515719175,1,0,1,0,1,0,1,0.0000,-1.0000,0.0991,-1.0000,0.0000,208.7062,0.3084
1786564081564,639,lidar,18373.813853680,0,1,0,0,0,0,0,-1.0000,0.0000,-1.0000,-1.0000,-1.0000,-1.0000,0.2464
1786564083197,640,camera,1775763097.049244881,1,0,1,1,1,0,1,0.0000,-1.0000,0.9269,-1.0000,0.0000,0.0000,0.3514
1786564083550,641,lidar,18375.813841680,0,1,0,0,0,0,0,-1.0000,0.0000,-1.0000,-1.0000,-1.0000,-1.0000,0.2230
1786564083924,642,camera,1775763097.882599115,1,0,1,1,1,0,1,0.0000,-1.0000,4.0241,-1.0000,0.0000,0.0000,0.4154
1786564084234,643,camera,1775763098.182826042,1,0,1,1,1,0,1,0.0000,-1.0000,2.9271,-1.0000,0.0000,0.0000,0.5116
1786564086175,644,camera,1775763098.549350262,1,0,1,0,1,0,1,0.0000,-1.0000,1.0919,-1.0000,0.0000,55.6749,0.3285
1786564086176,645,camera,1775763098.882738829,1,0,1,0,1,0,1,0.0000,-1.0000,2.6741,-1.0000,0.0000,389.0639,0.2106
1786564086177,646,camera,1775763099.049340963,1,0,1,0,1,0,1,0.0000,-1.0000,0.8471,-1.0000,0.0000,555.6659,0.1961
1786564086289,647,camera,1775763100.249099016,1,0,1,0,1,0,1,0.0000,-1.0000,4.9259,-1.0000,0.0000,1755.4239,0.4383
1786564086653,648,camera,1775763100.616006136,1,0,1,0,1,0,1,0.0000,-1.0000,4.2579,-1.0000,0.0000,2122.3309,0.3075
1786564087386,649,camera,1775763101.349500895,1,0,1,1,1,0,1,0.0000,-1.0000,4.8246,-1.0000,0.0000,0.0000,0.3467
1786564087734,650,camera,1775763101.682723999,1,0,1,1,1,0,1,0.0000,-1.0000,3.3591,-1.0000,0.0000,0.0000,0.4321
1786564088552,651,lidar,18380.813855680,0,1,0,0,0,0,0,-1.0000,0.0000,-1.0000,-1.0000,-1.0000,-1.0000,0.2052
1786564089186,652,camera,1775763102.049477100,1,0,1,1,1,0,1,0.0000,-1.0000,6.3511,-1.0000,0.0000,0.0000,0.5129
1786564089203,653,camera,1775763102.749603987,1,0,1,1,1,0,1,0.0000,-1.0000,4.9359,-1.0000,0.0000,0.0000,0.4001
1786564090555,654,lidar,18382.813854680,0,1,0,0,0,0,0,-1.0000,0.0000,-1.0000,-1.0000,-1.0000,-1.0000,0.1800
1786564091541,655,lidar,18383.813880680,0,1,0,0,0,0,0,-1.0000,0.0000,-1.0000,-1.0000,-1.0000,-1.0000,0.2023
1786564091833,656,camera,1775763103.149596214,1,0,1,1,1,1,1,0.0000,-1.0000,2.2604,0.0000,0.0000,0.0000,0.4902
1786564091835,657,camera,1775763104.049729109,1,0,1,0,1,1,1,0.0000,-1.0000,1.7091,0.0000,0.0000,566.2370,0.3442
1786564091837,658,camera,1775763104.749852180,1,0,1,0,1,1,1,0.0000,-1.0000,3.0886,0.0000,0.0000,1266.3600,0.4476
1786564091838,659,camera,1775763105.116353989,1,0,1,0,1,1,1,0.0000,-1.0000,3.7991,0.0000,0.0000,1632.8620,0.1781
1786564091840,660,camera,1775763105.449779987,1,0,1,0,1,1,1,0.0000,-1.0000,0.4019,0.0000,0.0000,1966.2880,0.1923
1786564092558,661,lidar,18384.813867680,0,1,0,0,0,0,0,-1.0000,0.0000,-1.0000,-1.0000,-1.0000,-1.0000,0.2356
1786564094574,662,lidar,18386.813861680,0,1,0,0,0,0,0,-1.0000,0.0000,-1.0000,-1.0000,-1.0000,-1.0000,0.2359
1786564095204,663,camera,1775763107.316604137,1,0,1,1,1,0,1,0.0000,-1.0000,1.7591,-1.0000,0.0000,0.0000,0.3506
1786564095205,664,camera,1775763108.349705935,1,0,1,1,1,0,1,0.0000,-1.0000,4.4496,-1.0000,0.0000,0.0000,0.2111
1786564095566,665,lidar,18387.813861680,0,1,0,0,0,0,0,-1.0000,0.0000,-1.0000,-1.0000,-1.0000,-1.0000,0.2678
1786564096574,666,lidar,18388.813850680,0,1,0,0,0,0,0,-1.0000,0.0000,-1.0000,-1.0000,-1.0000,-1.0000,0.2222
1786564097586,667,lidar,18389.813857680,0,1,0,0,0,0,0,-1.0000,0.0000,-1.0000,-1.0000,-1.0000,-1.0000,0.2215
1786564098201,668,camera,1775763109.516865969,1,0,1,1,1,1,1,0.0000,-1.0000,5.3579,0.0000,0.0000,0.0000,0.5073
1786564098203,669,camera,1775763109.951488018,1,0,1,1,1,0,1,0.0000,-1.0000,1.8574,-1.0000,0.0000,0.0000,0.3484
1786564098204,670,camera,1775763110.316854954,1,0,1,1,1,0,1,0.0000,-1.0000,5.0531,-1.0000,0.0000,0.0000,0.3125
1786564098206,671,camera,1775763110.683607101,1,0,1,1,1,1,1,0.0000,-1.0000,2.0839,0.0000,0.0000,0.0000,0.2326
1786564098207,672,camera,1775763111.050241947,1,0,1,1,1,0,1,0.0000,-1.0000,4.0389,-1.0000,0.0000,0.0000,0.2070
1786564098223,673,camera,1775763112.183603048,1,0,1,1,1,0,1,0.0000,-1.0000,2.8399,-1.0000,0.0000,0.0000,0.2955
1786564098572,674,camera,1775763112.517510176,1,0,1,1,1,0,1,0.0000,-1.0000,2.4569,-1.0000,0.0000,0.0000,0.2777
1786564098589,675,lidar,18390.813866680,0,1,0,0,0,0,0,-1.0000,0.0000,-1.0000,-1.0000,-1.0000,-1.0000,0.2243
1786564098893,676,camera,1775763112.850354910,1,0,1,1,1,0,1,0.0000,-1.0000,3.5444,-1.0000,0.0000,0.0000,0.6945
1786564101210,677,camera,1775763113.184093952,1,0,1,1,1,0,1,0.0000,-1.0000,0.4609,-1.0000,0.0000,0.0000,0.2688
1786564101556,678,lidar,18393.813854680,0,1,0,0,0,0,0,-1.0000,0.0000,-1.0000,-1.0000,-1.0000,-1.0000,0.2623
1786564102401,679,camera,1775763115.983880043,1,0,1,1,1,0,1,0.0000,-1.0000,4.3669,-1.0000,0.0000,0.0000,0.2674
1786564102555,680,lidar,18394.813848680,0,1,0,0,0,0,0,-1.0000,0.0000,-1.0000,-1.0000,-1.0000,-1.0000,0.2228
1786564102652,681,camera,1775763116.617227077,1,0,1,1,1,0,1,0.0000,-1.0000,4.5889,-1.0000,0.0000,0.0000,0.4068
1786564103008,682,camera,1775763116.953463078,1,0,1,1,1,0,1,0.0000,-1.0000,3.5951,-1.0000,0.0000,0.0000,0.4130
1786564103549,683,lidar,18395.813849680,0,1,0,0,0,0,0,-1.0000,0.0000,-1.0000,-1.0000,-1.0000,-1.0000,0.2271
1786564104201,684,camera,1775763117.350622892,1,0,1,1,1,0,1,0.0000,-1.0000,3.5599,-1.0000,0.0000,0.0000,0.4217
1786564104203,685,camera,1775763117.683986902,1,0,1,1,1,0,1,0.0000,-1.0000,2.4311,-1.0000,0.0000,0.0000,0.2931
1786564104566,686,lidar,18396.813860680,0,1,0,0,0,0,0,-1.0000,0.0000,-1.0000,-1.0000,-1.0000,-1.0000,0.2658
1786564106708,687,camera,1775763118.484236956,1,0,1,1,1,1,1,0.0000,-1.0000,2.0736,0.0000,0.0000,0.0000,0.3523
1786564106709,688,camera,1775763119.217857122,1,0,1,0,1,1,1,0.0000,-1.0000,2.9064,0.0000,0.0000,572.2655,0.2459
1786564106710,689,camera,1775763119.584113121,1,0,1,0,1,1,1,0.0000,-1.0000,0.2176,0.0000,0.0000,938.5215,0.2163
1786564107062,690,camera,1775763121.017726898,1,0,1,1,1,0,1,0.0000,-1.0000,1.4164,-1.0000,0.0000,0.0000,0.4431
1786564107396,691,camera,1775763121.351103067,1,0,1,1,1,0,1,0.0000,-1.0000,1.6976,-1.0000,0.0000,0.0000,0.4900
1786564110203,692,camera,1775763121.684487104,1,0,1,1,1,0,1,0.0000,-1.0000,2.3614,-1.0000,0.0000,0.0000,0.2932
1786564110206,693,camera,1775763122.051150084,1,0,1,1,1,0,1,0.0000,-1.0000,3.9844,-1.0000,0.0000,0.0000,0.2698
1786564110207,694,camera,1775763122.717740059,1,0,1,1,1,0,1,0.0000,-1.0000,3.7356,-1.0000,0.0000,0.0000,0.2550
1786564110278,695,lidar,18401.813859680,0,1,0,0,0,0,0,-1.0000,0.0000,-1.0000,-1.0000,-1.0000,-1.0000,0.1507
1786564110357,696,camera,1775763124.317866087,1,0,1,0,1,0,1,0.0000,-1.0000,3.1946,-1.0000,0.0000,846.5242,0.4719
1786564110695,697,camera,1775763124.651374102,1,0,1,0,1,0,1,0.0000,-1.0000,1.7716,-1.0000,0.0000,1180.0322,0.4029
1786564111018,698,camera,1775763124.984743834,1,0,1,0,1,0,1,0.0000,-1.0000,4.7259,-1.0000,0.0000,1513.4022,0.3563
1786564111637,699,lidar,18402.813856680,0,1,0,0,0,0,0,-1.0000,0.0000,-1.0000,-1.0000,-1.0000,-1.0000,0.2450
1786564111667,700,camera,1775763125.618115187,1,0,1,0,1,0,1,0.0000,-1.0000,2.6256,-1.0000,0.0000,2146.7732,0.4331
1786564111958,701,camera,1775763125.918113947,1,0,1,1,1,0,1,0.0000,-1.0000,1.0709,-1.0000,0.0000,0.0000,0.4600
1786564112319,702,camera,1775763126.284860134,1,0,1,1,1,0,1,0.0000,-1.0000,3.1369,-1.0000,0.0000,0.0000,0.4414
1786564113204,703,camera,1775763126.984882832,1,0,1,1,1,0,1,0.0000,-1.0000,3.4076,-1.0000,0.0000,0.0000,0.4917
1786564113395,704,camera,1775763127.351798058,1,0,1,1,1,0,1,0.0000,-1.0000,1.3599,-1.0000,0.0000,0.0000,0.4452
1786564113615,705,lidar,18405.813854680,0,1,0,0,0,0,0,-1.0000,0.0000,-1.0000,-1.0000,-1.0000,-1.0000,0.1981
1786564114054,706,camera,1775763128.018114090,1,0,1,1,1,0,1,0.0000,-1.0000,0.9041,-1.0000,0.0000,0.0000,0.4545
1786564114885,707,lidar,18406.813864680,0,1,0,0,0,0,0,-1.0000,0.0000,-1.0000,-1.0000,-1.0000,-1.0000,0.2108
1786564115891,708,camera,1775763128.351958036,1,0,1,1,1,1,1,0.0000,-1.0000,1.1824,0.0000,0.0000,0.0000,0.5068
1786564116095,709,lidar,18407.813855680,0,1,0,0,0,0,0,-1.0000,0.0000,-1.0000,-1.0000,-1.0000,-1.0000,0.2490
1786564116286,710,camera,1775763130.221212149,1,0,1,0,1,0,1,0.0000,-1.0000,3.9839,-1.0000,0.0000,1750.8560,0.4913
1786564116620,711,camera,1775763130.584993124,1,0,1,0,1,0,1,0.0000,-1.0000,4.5126,-1.0000,0.0000,2114.6370,0.4111
1786564117409,712,lidar,18408.813858680,0,1,0,0,0,0,0,-1.0000,0.0000,-1.0000,-1.0000,-1.0000,-1.0000,0.2746
1786564117611,713,lidar,18409.813852680,0,1,0,0,0,0,0,-1.0000,0.0000,-1.0000,-1.0000,-1.0000,-1.0000,0.2749
1786564119192,714,lidar,18410.813849680,0,1,0,0,0,0,0,-1.0000,0.0000,-1.0000,-1.0000,-1.0000,-1.0000,0.2665
1786564119204,715,camera,1775763131.518499136,1,0,1,1,1,0,1,0.0000,-1.0000,0.4341,-1.0000,0.0000,0.0000,0.4550
1786564119206,716,camera,1775763132.252172947,1,0,1,1,1,0,1,0.0000,-1.0000,3.8799,-1.0000,0.0000,0.0000,0.2750
1786564119207,717,camera,1775763133.051874161,1,0,1,1,1,0,1,0.0000,-1.0000,3.3109,-1.0000,0.0000,0.0000,0.2163
1786564122034,718,lidar,18413.813852680,0,1,0,0,0,0,0,-1.0000,0.0000,-1.0000,-1.0000,-1.0000,-1.0000,0.2310
1786564122202,719,camera,1775763133.818770170,1,0,1,0,1,1,1,0.0000,-1.0000,0.3269,0.0000,0.0000,343.0446,0.5078
1786564122204,720,camera,1775763134.185363054,1,0,1,0,1,0,1,0.0000,-1.0000,0.2926,-1.0000,0.0000,709.6376,0.3514
1786564122205,721,camera,1775763134.918866158,1,0,1,0,1,1,1,0.0000,-1.0000,3.8504,0.0000,0.0000,1443.1406,0.1927
1786564122206,722,camera,1775763135.252113104,1,0,1,0,1,0,1,0.0000,-1.0000,0.0401,-1.0000,0.0000,1776.3876,0.2450
1786564122207,723,camera,1775763135.652232885,1,0,1,0,1,0,1,0.0000,-1.0000,2.9851,-1.0000,0.0000,2176.5076,0.1573
1786564122870,724,camera,1775763136.818992138,1,0,1,1,1,0,1,0.0000,-1.0000,4.8611,-1.0000,0.0000,0.0000,0.4835
1786564123191,725,lidar,18414.813844680,0,1,0,0,0,0,0,-1.0000,0.0000,-1.0000,-1.0000,-1.0000,-1.0000,0.2507
1786564123257,726,camera,1775763137.218883991,1,0,1,1,1,0,1,0.0000,-1.0000,2.9641,-1.0000,0.0000,0.0000,0.4509
1786564123989,727,camera,1775763137.952210188,1,0,1,1,1,0,1,0.0000,-1.0000,2.8169,-1.0000,0.0000,0.0000,0.5096
1786564124172,728,lidar,18415.813858680,0,1,0,0,0,0,0,-1.0000,0.0000,-1.0000,-1.0000,-1.0000,-1.0000,0.2658
1786564125023,729,lidar,18416.813856680,0,1,0,0,0,0,0,-1.0000,0.0000,-1.0000,-1.0000,-1.0000,-1.0000,0.2206
1786564125201,730,camera,1775763138.285742998,1,0,1,1,1,0,1,0.0000,-1.0000,0.8051,-1.0000,0.0000,0.0000,0.4111
1786564125403,731,camera,1775763139.352552891,1,0,1,0,1,0,1,0.0000,-1.0000,2.7576,-1.0000,0.0000,537.9378,0.4474
1786564127557,732,camera,1775763140.519247055,1,0,1,1,1,0,1,0.0000,-1.0000,1.0136,-1.0000,0.0000,0.0000,0.3970
1786564127558,733,camera,1775763141.185992956,1,0,1,1,1,0,1,0.0000,-1.0000,4.7499,-1.0000,0.0000,0.0000,0.2546
1786564127659,734,lidar,18419.813862680,0,1,0,0,0,0,0,-1.0000,0.0000,-1.0000,-1.0000,-1.0000,-1.0000,0.2652
1786564128203,735,camera,1775763141.854094028,1,0,1,1,1,0,1,0.0000,-1.0000,1.7384,-1.0000,0.0000,0.0000,0.4295
1786564128261,736,camera,1775763142.220496178,1,0,1,1,1,0,1,0.0000,-1.0000,4.1371,-1.0000,0.0000,0.0000,0.4613
1786564129023,737,lidar,18420.813849680,0,1,0,0,0,0,0,-1.0000,0.0000,-1.0000,-1.0000,-1.0000,-1.0000,0.2157
1786564130293,738,lidar,18421.813862680,0,1,0,0,0,0,0,-1.0000,0.0000,-1.0000,-1.0000,-1.0000,-1.0000,0.2514
1786564131072,739,camera,1775763143.252618074,1,0,1,1,1,0,1,0.0000,-1.0000,4.8549,-1.0000,0.0000,0.0000,0.4624
1786564131075,740,camera,1775763143.654839993,1,0,1,0,1,1,1,0.0000,-1.0000,1.8769,0.0000,0.0000,184.3032,0.6701
1786564131077,741,camera,1775763143.986114979,1,0,1,0,1,1,1,0.0000,-1.0000,3.9269,0.0000,0.0000,515.5782,0.3323
1786564131079,742,camera,1775763144.353214025,1,0,1,0,1,0,1,0.0000,-1.0000,1.2516,-1.0000,0.0000,882.6772,0.2724
1786564131080,743,camera,1775763145.019623280,1,0,1,0,1,0,1,0.0000,-1.0000,1.6424,-1.0000,0.0000,1549.0862,0.2132
1786564131426,744,camera,1775763145.386237860,1,0,1,0,1,0,1,0.0000,-1.0000,5.8674,-1.0000,0.0000,1915.7012,0.8103
1786564132137,745,camera,1775763146.086372137,1,0,1,1,1,0,0,0.0000,-1.0000,1.2636,-1.0000,-1.0000,0.0000,0.4457
1786564132227,746,lidar,18423.813844680,0,1,0,0,0,0,0,-1.0000,0.0000,-1.0000,-1.0000,-1.0000,-1.0000,0.2278
1786564132497,747,camera,1775763146.452999830,1,0,1,1,1,0,1,0.0000,-1.0000,2.8594,-1.0000,0.0000,0.0000,0.4746
1786564132936,748,camera,1775763146.819779158,1,0,1,1,1,0,1,0.0000,-1.0000,3.0066,-1.0000,0.0000,0.0000,0.4596
1786564133258,749,camera,1775763147.219634295,1,0,1,1,1,0,1,0.0000,-1.0000,3.9234,-1.0000,0.0000,0.0000,0.4810
1786564133635,750,camera,1775763147.586502075,1,0,1,1,1,0,1,0.0000,-1.0000,0.6814,-1.0000,0.0000,0.0000,0.3650
1786564133767,751,lidar,18424.813853680,0,1,0,0,0,0,0,-1.0000,0.0000,-1.0000,-1.0000,-1.0000,-1.0000,0.1997
1786564133890,752,lidar,18425.813860680,0,1,0,0,0,0,0,-1.0000,0.0000,-1.0000,-1.0000,-1.0000,-1.0000,0.1959
1786564134658,753,camera,1775763148.619747162,1,0,1,0,1,0,0,0.0000,-1.0000,0.2061,-1.0000,-1.0000,143.1387,0.4506
1786564135032,754,camera,1775763148.986619234,1,0,1,0,1,0,1,0.0000,-1.0000,3.0791,-1.0000,0.0000,510.0107,0.4062
1786564135466,755,camera,1775763149.420010090,1,0,1,0,1,0,1,0.0000,-1.0000,4.8519,-1.0000,0.0000,943.4017,0.4362
1786564135631,756,lidar,18427.813849680,0,1,0,0,0,0,0,-1.0000,0.0000,-1.0000,-1.0000,-1.0000,-1.0000,0.2124
1786564137007,757,lidar,18428.813857680,0,1,0,0,0,0,0,-1.0000,0.0000,-1.0000,-1.0000,-1.0000,-1.0000,0.2601
1786564137061,758,camera,1775763151.019992113,1,0,1,1,1,0,1,0.0000,-1.0000,1.7614,-1.0000,0.0000,0.0000,0.1631
1786564137403,759,camera,1775763151.353249073,1,0,1,1,1,0,1,0.0000,-1.0000,3.2609,-1.0000,0.0000,0.0000,0.5164
1786564137772,760,camera,1775763151.720239162,1,0,1,1,1,0,1,0.0000,-1.0000,0.5059,-1.0000,0.0000,0.0000,0.4265
1786564138108,761,camera,1775763152.053496122,1,0,1,1,1,0,1,0.0000,-1.0000,2.0054,-1.0000,0.0000,0.0000,0.3572
1786564139210,762,camera,1775763153.153500080,1,0,1,1,1,0,1,0.0000,-1.0000,2.9044,-1.0000,0.0000,0.0000,0.3826
1786564139603,763,camera,1775763153.553637028,1,0,1,0,1,0,1,0.0000,-1.0000,5.4389,-1.0000,0.0000,80.6654,0.4493
1786564140771,764,camera,1775763154.420382977,1,0,1,0,1,0,1,0.0000,-1.0000,1.5276,-1.0000,0.0000,947.4114,0.4002
1786564140791,765,camera,1775763154.753724813,1,0,1,0,1,0,1,0.0000,-1.0000,2.5894,-1.0000,0.0000,1280.7534,0.2198
1786564141501,766,camera,1775763155.453634024,1,0,1,0,1,0,1,0.0000,-1.0000,1.7866,-1.0000,0.0000,1980.6624,0.3992
1786564141973,767,camera,1775763155.920497179,1,0,1,1,1,0,1,0.0000,-1.0000,3.8986,-1.0000,0.0000,0.0000,0.4427
1786564142828,768,camera,1775763156.787130117,1,0,1,1,1,0,1,0.0000,-1.0000,1.7006,-1.0000,0.0000,0.0000,0.3394
1786564142840,769,lidar,18433.813852680,0,1,0,0,0,0,0,-1.0000,0.0000,-1.0000,-1.0000,-1.0000,-1.0000,0.2373
1786564142887,770,lidar,18434.813852680,0,1,0,0,0,0,0,-1.0000,0.0000,-1.0000,-1.0000,-1.0000,-1.0000,0.2356
1786564143200,771,camera,1775763157.153872013,1,0,1,1,1,0,1,0.0000,-1.0000,5.0686,-1.0000,0.0000,0.0000,0.4918
1786564143561,772,camera,1775763157.520630121,1,0,1,1,1,0,1,0.0000,-1.0000,0.8156,-1.0000,0.0000,0.0000,0.3498
1786564143936,773,camera,1775763157.887115955,1,0,1,1,1,0,0,0.0000,-1.0000,0.6304,-1.0000,-1.0000,0.0000,0.3709
1786564144411,774,lidar,18435.813866680,0,1,0,0,0,0,0,-1.0000,0.0000,-1.0000,-1.0000,-1.0000,-1.0000,0.2064
1786564145713,775,camera,1775763159.654019117,1,0,1,0,1,0,0,0.0000,-1.0000,3.3591,-1.0000,-1.0000,1163.2690,0.5499
1786564146100,776,camera,1775763160.054141998,1,0,1,0,1,0,1,0.0000,-1.0000,0.8386,-1.0000,0.0000,1563.3920,0.3983
1786564146501,777,camera,1775763160.454130173,1,0,1,0,1,0,1,0.0000,-1.0000,4.0794,-1.0000,0.0000,1963.3800,0.4350
1786564146617,778,lidar,18438.813847680,0,1,0,0,0,0,0,-1.0000,0.0000,-1.0000,-1.0000,-1.0000,-1.0000,0.3051
1786564147316,779,camera,1775763161.254323959,1,0,1,1,1,0,1,0.0000,-1.0000,1.4709,-1.0000,0.0000,0.0000,0.4696
1786564148461,780,camera,1775763162.421005011,1,0,1,1,1,0,1,0.0000,-1.0000,1.8631,-1.0000,0.0000,0.0000,0.4009
1786564148564,781,lidar,18440.813852680,0,1,0,0,0,0,0,-1.0000,0.0000,-1.0000,-1.0000,-1.0000,-1.0000,0.2701
1786564148834,782,camera,1775763162.787633181,1,0,1,1,1,0,1,0.0000,-1.0000,0.0849,-1.0000,0.0000,0.0000,0.5177
1786564149229,783,camera,1775763163.187891960,1,0,1,1,1,0,1,0.0000,-1.0000,2.7414,-1.0000,0.0000,0.0000,0.3879
1786564149564,784,lidar,18441.813871680,0,1,0,0,0,0,0,-1.0000,0.0000,-1.0000,-1.0000,-1.0000,-1.0000,0.2258
1786564150158,785,camera,1775763164.087628126,1,0,1,0,1,0,1,0.0000,-1.0000,3.4399,-1.0000,0.0000,615.0856,0.3990
1786564150979,786,camera,1775763164.923490047,1,0,1,0,1,0,1,0.0000,-1.0000,4.0206,-1.0000,0.0000,1450.9476,0.3578
1786564152161,787,camera,1775763166.121276140,1,0,1,1,1,0,1,0.0000,-1.0000,1.5746,-1.0000,0.0000,0.0000,0.4603
1786564152559,788,lidar,18444.813867680,0,1,0,0,0,0,0,-1.0000,0.0000,-1.0000,-1.0000,-1.0000,-1.0000,0.2435
1786564152588,789,camera,1775763166.521253109,1,0,1,1,1,0,1,0.0000,-1.0000,4.2651,-1.0000,0.0000,0.0000,0.3584
1786564152976,790,camera,1775763166.921179056,1,0,1,1,1,0,1,0.0000,-1.0000,4.4741,-1.0000,0.0000,0.0000,0.3990
1786564153373,791,camera,1775763167.321382046,1,0,1,1,1,0,0,0.0000,-1.0000,0.6589,-1.0000,-1.0000,0.0000,0.2413
1786564153747,792,camera,1775763167.688015223,1,0,1,1,1,0,1,0.0000,-1.0000,2.6119,-1.0000,0.0000,0.0000,0.4143
1786564154180,793,camera,1775763168.121383190,1,0,1,1,1,0,1,0.0000,-1.0000,4.6751,-1.0000,0.0000,0.0000,0.3242
1786564154542,794,camera,1775763168.490215063,1,0,1,0,1,0,1,0.0000,-1.0000,5.5881,-1.0000,0.0000,13.2682,0.5066
1786564154580,795,lidar,18446.813870680,0,1,0,0,0,0,0,-1.0000,0.0000,-1.0000,-1.0000,-1.0000,-1.0000,0.2141
1786564154999,796,camera,1775763168.955842972,1,0,1,0,1,0,1,0.0000,-1.0000,0.8751,-1.0000,0.0000,478.8962,0.4155
1786564155427,797,camera,1775763169.388275862,1,0,1,0,1,0,1,0.0000,-1.0000,1.0329,-1.0000,0.0000,911.3292,0.4927
1786564155546,798,lidar,18447.813870680,0,1,0,0,0,0,0,-1.0000,0.0000,-1.0000,-1.0000,-1.0000,-1.0000,0.2540
1786564155772,799,camera,1775763169.721518040,1,0,1,0,1,0,1,0.0000,-1.0000,0.0151,-1.0000,0.0000,1244.5712,0.3299
1786564156227,800,camera,1775763170.188133001,1,0,1,0,1,0,1,0.0000,-1.0000,0.6199,-1.0000,0.0000,1711.1862,0.5531
1786564156626,801,camera,1775763170.588316917,1,0,1,0,1,0,1,0.0000,-1.0000,0.6689,-1.0000,0.0000,2111.3702,0.4950
1786564156633,802,lidar,18448.813858680,0,1,0,0,0,0,0,-1.0000,0.0000,-1.0000,-1.0000,-1.0000,-1.0000,0.2483
1786564157008,803,camera,1775763170.954876184,1,0,1,1,1,0,0,0.0000,-1.0000,2.5479,-1.0000,-1.0000,0.0000,0.4165
1786564157362,804,camera,1775763171.321650982,1,0,1,1,1,0,1,0.0000,-1.0000,4.6429,-1.0000,0.0000,0.0000,0.3691
1786564157555,805,lidar,18449.813859680,0,1,0,0,0,0,0,-1.0000,0.0000,-1.0000,-1.0000,-1.0000,-1.0000,0.2682
1786564158567,806,lidar,18450.813853680,0,1,0,0,0,0,0,-1.0000,0.0000,-1.0000,-1.0000,-1.0000,-1.0000,0.3083
1786564158573,807,camera,1775763172.521957159,1,0,1,1,1,0,1,0.0000,-1.0000,0.5211,-1.0000,0.0000,0.0000,0.3474
1786564158937,808,camera,1775763172.888381004,1,0,1,1,1,0,1,0.0000,-1.0000,1.3096,-1.0000,0.0000,0.0000,0.3685
1786564159376,809,camera,1775763173.322713137,1,0,1,1,1,0,1,0.0000,-1.0000,0.0351,-1.0000,0.0000,0.0000,0.3826
1786564159782,810,camera,1775763173.722694159,1,0,1,0,1,0,1,0.0000,-1.0000,2.7216,-1.0000,0.0000,248.2763,0.4312
1786564160196,811,camera,1775763174.155012131,1,0,1,0,1,0,1,0.0000,-1.0000,1.6039,-1.0000,66.6270,680.5943,0.2698
1786564160578,812,camera,1775763174.521776199,1,0,1,0,1,0,0,0.0000,-1.0000,1.3771,-1.0000,-1.0000,1047.3583,0.2735
1786564161007,813,camera,1775763174.955486059,1,0,1,0,1,0,1,0.0000,-1.0000,1.8079,-1.0000,0.0000,1481.0683,0.3545
1786564161426,814,camera,1775763175.388514996,1,0,1,0,1,0,1,0.0000,-1.0000,3.3431,-1.0000,0.0000,1914.0973,0.3384
1786564162171,815,camera,1775763176.123116970,1,0,1,1,1,0,1,0.0000,-1.0000,3.7139,-1.0000,0.0000,0.0000,0.4072
1786564163930,816,camera,1775763177.888657093,1,0,1,1,1,0,1,0.0000,-1.0000,2.3589,-1.0000,0.0000,0.0000,0.4609
1786564165306,817,camera,1775763179.255635977,1,0,1,0,1,0,1,0.0000,-1.0000,4.1146,-1.0000,0.0000,787.6451,0.3465
1786564165587,818,lidar,18457.813874680,0,1,0,0,0,0,0,-1.0000,0.0000,-1.0000,-1.0000,-1.0000,-1.0000,0.2399
1786564166163,819,camera,1775763180.089020252,1,0,1,0,1,0,1,0.0000,-1.0000,1.1419,-1.0000,0.0000,1621.0291,0.3825
1786564166576,820,lidar,18458.813869680,0,1,0,0,0,0,0,-1.0000,0.0000,-1.0000,-1.0000,-1.0000,-1.0000,0.2274
1786564166590,821,camera,1775763180.522412062,1,0,1,0,1,0,1,0.0000,-1.0000,1.0561,-1.0000,0.0000,2054.4211,0.3340
1786564169566,822,lidar,18461.813854680,0,1,0,0,0,0,0,-1.0000,0.0000,-1.0000,-1.0000,-1.0000,-1.0000,0.2699
1786564171569,823,lidar,18463.813833680,0,1,0,0,0,0,0,-1.0000,0.0000,-1.0000,-1.0000,-1.0000,-1.0000,0.2269
1786564171883,824,camera,1775763185.822644949,1,0,1,0,1,0,1,0.0000,-1.0000,0.3969,-1.0000,0.0000,2348.5322,0.4553
1786564172633,825,lidar,18464.813852680,0,1,0,0,0,0,0,-1.0000,0.0000,-1.0000,-1.0000,-1.0000,-1.0000,0.2600
1786564173288,826,camera,1775763187.222884178,1,0,1,1,1,0,1,0.0000,-1.0000,4.9016,-1.0000,0.0000,0.0000,0.4632
1786564173746,827,camera,1775763187.689773083,1,0,1,1,1,0,1,0.0000,-1.0000,3.6049,-1.0000,0.0000,0.0000,0.4621
1786564174566,828,camera,1775763188.523015976,1,0,1,0,1,0,1,0.0000,-1.0000,1.4096,-1.0000,0.0000,46.0460,0.4661
1786564175476,829,camera,1775763189.422909021,1,0,1,0,1,0,1,0.0000,-1.0000,0.5541,-1.0000,0.0000,945.9390,0.3256
1786564177261,830,camera,1775763191.189961910,1,0,1,0,1,0,1,0.0000,-1.0000,3.7186,-1.0000,0.0000,2712.9920,0.2919
1786564177578,831,lidar,18469.813876680,0,1,0,0,0,0,0,-1.0000,0.0000,-1.0000,-1.0000,-1.0000,-1.0000,0.1733
1786564178440,832,camera,1775763192.389893055,1,0,1,1,1,0,0,0.0000,-1.0000,4.1926,-1.0000,-1.0000,0.0000,0.4670
1786564179641,833,camera,1775763193.590028048,1,0,1,1,1,0,1,0.0000,-1.0000,4.4626,-1.0000,0.0000,0.0000,0.4229
1786564180555,834,lidar,18472.813855680,0,1,0,0,0,0,0,-1.0000,0.0000,-1.0000,-1.0000,-1.0000,-1.0000,0.2363
1786564180707,835,camera,1775763194.656651020,1,0,1,0,1,0,1,0.0000,-1.0000,1.4896,-1.0000,0.0000,826.4854,0.3231
1786564181040,836,camera,1775763194.990186930,1,0,1,0,1,0,1,0.0000,-1.0000,4.7761,-1.0000,0.0000,1160.0214,0.3920
1786564182861,837,camera,1775763196.823279142,1,0,1,1,1,0,1,0.0000,-1.0000,0.1491,-1.0000,0.0000,0.0000,0.3924
1786564184380,838,camera,1775763198.323770046,1,0,1,1,1,0,1,0.0000,-1.0000,3.6344,-1.0000,0.0000,0.0000,0.4901
1786564185112,839,camera,1775763198.690402985,1,0,1,0,1,1,1,0.0000,-1.0000,0.5224,0.0000,0.0000,215.9683,0.4959
1786564185113,840,camera,1775763199.057141066,1,0,1,0,1,0,1,0.0000,-1.0000,2.5804,-1.0000,0.0000,582.7063,0.2287
1786564185534,841,camera,1775763199.490025997,1,0,1,0,1,0,1,0.0000,-1.0000,5.1896,-1.0000,0.0000,1015.5913,0.4952
1786564186580,842,lidar,18478.813849680,0,1,0,0,0,0,0,-1.0000,0.0000,-1.0000,-1.0000,-1.0000,-1.0000,0.2565
1786564189681,843,lidar,18481.813847680,0,1,0,0,0,0,0,-1.0000,0.0000,-1.0000,-1.0000,-1.0000,-1.0000,0.2482
1786564192602,844,lidar,18483.813858680,0,1,0,0,0,0,0,-1.0000,0.0000,-1.0000,-1.0000,-1.0000,-1.0000,0.2119
1786564192671,845,lidar,18484.813888680,0,1,0,0,0,0,0,-1.0000,0.0000,-1.0000,-1.0000,-1.0000,-1.0000,0.2428
1786564194080,846,lidar,18485.813862680,0,1,0,0,0,0,0,-1.0000,0.0000,-1.0000,-1.0000,-1.0000,-1.0000,0.2239
1786564196646,847,lidar,18488.813730680,0,1,0,0,0,0,0,-1.0000,0.0000,-1.0000,-1.0000,-1.0000,-1.0000,0.2620
1786564198447,848,lidar,18489.813750680,0,1,0,0,0,0,0,-1.0000,0.0000,-1.0000,-1.0000,-1.0000,-1.0000,0.2600
1786564199567,849,lidar,18490.813729680,0,1,0,0,0,0,0,-1.0000,0.0000,-1.0000,-1.0000,-1.0000,-1.0000,0.2655
1786564199685,850,lidar,18491.813706680,0,1,0,0,0,0,0,-1.0000,0.0000,-1.0000,-1.0000,-1.0000,-1.0000,0.2484
