wall_time,fusion_id,trigger_source,trigger_stamp,camera_found,lidar_found,gps_found,imu_found,depth_found,odom_found,vel_found,rgb_raw_camera_info_found,stereo_found,camera_delta_ms,lidar_delta_ms,imu_delta_ms,depth_delta_ms,odom_delta_ms,gps_delta_ms,vel_delta_ms,rgb_raw_camera_info_delta_ms,stereo_delta_ms,fusion_latency_ms
1788948123943,1,depth,1775762838.728984118,1,0,1,1,1,1,1,1,1,0.0000,-1.0000,0.7221,0.0000,0.0000,243.2602,230.2144,0.0000,0.0000,0.0809
1788948124275,2,depth,1775762839.395842075,1,0,1,1,1,1,1,1,1,0.0000,-1.0000,0.3783,0.0000,0.0000,75.4815,97.3260,0.0000,0.0000,0.0699
1788948124643,3,depth,1775762839.762356997,1,0,1,1,1,1,1,1,1,0.0000,-1.0000,3.0119,0.0000,0.0000,291.0335,269.1890,0.0000,0.0000,0.0777
1788948124977,4,depth,1775762840.096102238,1,0,1,1,1,1,1,1,1,0.0000,-1.0000,5.8917,0.0000,0.0000,624.7785,602.9340,0.0000,0.0000,0.0852
1788948125404,5,depth,1775762840.429094076,1,0,1,1,1,1,1,1,1,0.0000,-1.0000,0.4078,0.0000,0.0000,45.0486,60.8187,0.0000,0.0000,0.0941
1788948125678,6,depth,1775762840.730301857,1,0,1,1,1,1,1,1,1,0.0000,-1.0000,2.2842,0.0000,0.0000,256.1594,240.3893,0.0000,0.0000,0.1159
1788948126121,7,depth,1775762841.095865011,1,0,1,1,1,1,1,1,1,0.0000,-1.0000,6.1963,0.0000,0.0000,621.7224,605.9523,0.0000,0.0000,0.1066
1788948126467,8,depth,1775762841.462614059,1,0,1,1,1,1,1,1,1,0.0000,-1.0000,1.8647,0.0000,0.0000,73.2378,96.1714,0.0000,0.0000,0.1176
1788948126888,9,depth,1775762841.795982122,1,0,1,1,1,1,1,1,1,0.0000,-1.0000,2.7867,0.0000,0.0000,260.1302,237.1966,0.0000,0.0000,0.1329
1788948127642,10,depth,1775762842.164587021,1,0,1,1,1,1,1,1,1,0.0000,-1.0000,3.9267,0.0000,0.0000,316.1510,339.0047,0.0000,0.0000,0.1511
1788948127655,11,depth,1775762842.562952995,1,0,1,1,1,1,1,1,1,0.0000,-1.0000,1.9018,0.0000,0.0000,82.2150,59.3613,0.0000,0.0000,0.1397
1788948128013,12,depth,1775762842.929486036,1,0,1,1,1,1,1,1,1,0.0000,-1.0000,3.7548,0.0000,0.0000,448.7480,425.8943,0.0000,0.0000,0.1401
1788948128381,13,depth,1775762843.229474068,1,0,1,1,1,1,1,1,1,0.0000,-1.0000,2.2778,0.0000,0.0000,248.5581,263.8622,0.0000,0.0000,0.2177
1788948128847,14,depth,1775762843.596113205,1,0,1,1,1,1,1,1,1,0.0000,-1.0000,3.8768,0.0000,0.0000,118.0809,102.7768,0.0000,0.0000,0.2007
1788948129220,15,depth,1775762843.930206060,1,0,1,1,1,1,1,1,1,0.0000,-1.0000,5.8848,0.0000,0.0000,452.1739,436.8698,0.0000,0.0000,0.1430
1788948129583,16,depth,1775762844.262738228,1,0,1,1,1,1,1,1,1,0.0000,-1.0000,3.8082,0.0000,0.0000,784.7059,769.4018,0.0000,0.0000,0.1726
1788948129949,17,depth,1775762844.596220970,1,0,1,1,1,1,1,1,1,0.0000,-1.0000,2.6598,0.0000,99.9920,1118.1889,1102.8848,0.0000,0.0000,0.1422
1788948130383,18,depth,1775762844.930244207,1,0,1,1,1,1,1,1,1,0.0000,-1.0000,22.3428,0.0000,0.0000,1452.2119,1436.9078,0.0000,0.0000,0.1514
1788948130768,19,depth,1775762845.296236992,1,0,1,1,1,1,1,1,1,0.0000,-1.0000,2.0542,0.0000,0.0000,282.5946,304.8991,0.0000,0.0000,0.1511
1788948131056,20,depth,1775762845.663090229,1,0,1,1,1,1,1,1,1,0.0000,-1.0000,4.8288,0.0000,0.0000,84.2584,61.9539,0.0000,0.0000,0.1560
1788948131404,21,depth,1775762845.996358156,1,0,1,1,1,1,1,1,1,0.0000,-1.0000,3.4768,0.0000,0.0000,417.5264,395.2219,0.0000,0.0000,0.1532
1788948131777,22,depth,1775762846.363491058,1,0,1,1,1,1,1,1,1,0.0000,-1.0000,2.0352,0.0000,0.0000,107.2471,125.2367,0.0000,0.0000,0.1579
1788948132166,23,depth,1775762846.696230173,1,0,1,1,1,1,1,1,1,0.0000,-1.0000,3.7162,0.0000,0.0000,225.4919,207.5023,0.0000,0.0000,0.1572
1788948132600,24,depth,1775762847.029734135,1,0,1,1,1,1,1,1,1,0.0000,-1.0000,4.5022,0.0000,0.0000,558.9959,541.0063,0.0000,0.0000,0.1559
1788948133034,25,depth,1775762847.463104963,1,0,1,1,1,1,1,1,1,0.0000,-1.0000,4.1887,0.0000,0.0000,20.1281,37.1971,0.0000,0.0000,0.1622
1788948133410,26,depth,1775762847.796486139,1,0,1,1,1,1,1,1,1,0.0000,-1.0000,0.0327,0.0000,0.0000,313.2529,296.1839,0.0000,0.0000,0.1838
1788948133804,27,depth,1775762848.163122892,1,0,1,1,1,1,1,1,1,0.0000,-1.0000,1.9243,0.0000,0.0000,319.9037,338.7348,0.0000,0.0000,0.1554
1788948134084,28,depth,1775762848.463243961,1,0,1,1,1,1,1,1,1,0.0000,-1.0000,1.8547,0.0000,0.0000,19.7827,38.6138,0.0000,0.0000,0.1777
1788948134453,29,depth,1775762848.829722166,1,0,1,1,1,1,1,1,1,0.0000,-1.0000,7.5408,0.0000,0.0000,346.6953,327.8642,0.0000,0.0000,0.1674
1788948134724,30,depth,1775762849.163227081,1,0,1,1,1,1,1,1,1,0.0000,-1.0000,4.2233,0.0000,0.0000,680.2003,661.3692,0.0000,0.0000,0.1888
1788948135084,31,depth,1775762849.463235140,1,0,1,1,1,1,1,1,1,0.0000,-1.0000,0.3313,0.0000,0.0000,980.2083,961.3772,0.0000,0.0000,0.1606
1788948135488,32,depth,1775762849.863228083,1,0,1,1,1,1,1,1,1,0.0000,-1.0000,4.8757,0.0000,0.0000,33.6154,14.1945,0.0000,0.0000,0.2013
1788948135938,33,depth,1775762850.229863167,1,0,1,1,1,1,1,1,1,0.0000,-1.0000,2.9207,0.0000,0.0000,238.2917,256.7639,0.0000,0.0000,0.1847
1788948136290,34,depth,1775762850.596729994,1,0,1,1,1,1,1,1,1,0.0000,-1.0000,4.3313,0.0000,0.0000,128.5753,110.1031,0.0000,0.0000,0.1996
1788948136598,35,depth,1775762850.963238239,1,0,1,1,1,1,1,1,1,0.0000,-1.0000,3.6268,0.0000,0.0000,495.0833,476.6111,0.0000,0.0000,0.1743
1788948136978,36,depth,1775762851.296732187,1,0,1,1,1,1,1,1,1,0.0000,-1.0000,5.3633,0.0000,0.0000,173.2576,188.2652,0.0000,0.0000,0.1810
1788948137421,37,depth,1775762851.663484097,1,0,1,1,1,1,1,1,1,0.0000,-1.0000,4.9028,0.0000,0.0000,193.4944,178.4868,0.0000,0.0000,0.1847
1788948137756,38,depth,1775762851.997465134,1,0,1,1,1,1,1,1,1,0.0000,-1.0000,4.5938,0.0000,0.0000,527.4754,512.4678,0.0000,0.0000,0.1846
1788948138140,39,depth,1775762852.363646030,1,0,1,1,1,1,1,1,1,0.0000,-1.0000,3.5623,0.0000,0.0000,196.0682,232.4837,0.0000,0.0000,0.2117
1788948138423,40,depth,1775762852.696860075,1,0,1,1,1,1,1,1,1,0.0000,-1.0000,2.4863,0.0000,0.0000,137.1458,100.7303,0.0000,0.0000,0.1887
1788948138818,41,depth,1775762853.029834032,1,0,1,1,1,1,1,1,1,0.0000,-1.0000,1.3622,0.0000,0.0000,470.1198,433.7043,0.0000,0.0000,0.1923
1788948139230,42,depth,1775762853.397176981,1,0,1,1,1,1,1,1,1,0.0000,-1.0000,1.0708,0.0000,0.0000,76.8126,93.9543,0.0000,0.0000,0.1994
1788948139632,43,depth,1775762853.762989044,1,0,1,1,1,1,1,1,1,0.0000,-1.0000,0.6922,0.0000,0.0000,288.9994,271.8577,0.0000,0.0000,0.1941
1788948139914,44,depth,1775762854.097015142,1,0,1,1,1,1,1,1,1,0.0000,-1.0000,1.2488,0.0000,0.0000,623.0254,605.8837,0.0000,0.0000,0.2091
1788948140348,45,depth,1775762854.464344978,1,0,1,1,1,1,1,1,1,0.0000,-1.0000,4.0662,0.0000,0.0000,36.2621,62.2042,0.0000,0.0000,0.2036
1788948140774,46,depth,1775762854.799283981,1,0,1,1,1,1,1,1,1,0.0000,-1.0000,1.3228,0.0000,0.0000,298.6769,272.7348,0.0000,0.0000,0.1990
1788948141143,47,depth,1775762855.163236141,1,0,1,1,1,1,1,1,1,0.0000,-1.0000,2.7698,0.0000,0.0000,662.6289,636.6868,0.0000,0.0000,0.2208
1788948141408,48,depth,1775762855.530358076,1,0,1,1,1,1,1,1,1,0.0000,-1.0000,2.3168,0.0000,0.0000,52.5173,69.3882,0.0000,0.0000,0.3029
1788948141768,49,depth,1775762855.864952087,1,0,1,1,1,1,1,1,1,0.0000,-1.0000,0.2442,0.0000,0.0000,282.0767,265.2058,0.0000,0.0000,0.3147
1788948142094,50,depth,1775762856.230488062,1,0,1,1,1,1,1,1,1,0.0000,-1.0000,0.2518,0.0000,0.0000,239.1019,265.9558,0.0000,0.0000,0.1963
1788948142499,51,depth,1775762856.530781984,1,0,1,1,1,1,1,1,1,0.0000,-1.0000,1.0867,0.0000,0.0000,61.1921,34.3382,0.0000,0.0000,0.2259
1788948142914,52,depth,1775762856.863922119,1,0,1,1,1,1,1,1,1,0.0000,-1.0000,2.2367,0.0000,0.0000,394.3321,367.4782,0.0000,0.0000,0.2053
1788948143707,53,depth,1775762857.198226213,1,0,1,1,1,1,1,1,1,0.0000,-1.0000,2.2227,0.0000,0.0000,285.4070,303.4457,0.0000,0.0000,0.3097
1788948144019,54,depth,1775762857.897123098,1,0,1,1,1,1,1,1,1,0.0000,-1.0000,0.2368,0.0000,0.0000,413.4900,395.4513,0.0000,0.0000,0.2306
1788948144760,55,depth,1775762858.197108030,1,0,1,1,1,1,1,1,1,0.0000,-1.0000,1.3868,0.0000,0.0000,294.3414,318.6947,0.0000,0.0000,0.2634
1788948144765,56,depth,1775762858.497236967,1,0,1,1,1,1,1,1,1,0.0000,-1.0000,2.3842,0.0000,0.0000,5.7876,18.5657,0.0000,0.0000,0.1931
1788948145175,57,depth,1775762858.797358990,1,0,1,1,1,1,1,1,1,0.0000,-1.0000,3.6297,0.0000,0.0000,305.9096,281.5563,0.0000,0.0000,0.2401
1788948145800,58,depth,1775762859.130976915,1,0,1,1,1,1,1,1,1,0.0000,-1.0000,4.3017,0.0000,0.0000,341.5151,368.0465,0.0000,0.0000,0.2329
1788948145810,59,depth,1775762859.463865995,1,0,1,1,1,1,1,1,1,0.0000,-1.0000,0.6377,0.0000,0.0000,8.6261,35.1575,0.0000,0.0000,0.2795
1788948146214,60,depth,1775762859.830748081,1,0,1,1,1,1,1,0,1,0.0000,-1.0000,4.0968,0.0000,0.0000,358.2559,331.7245,-1.0000,0.0000,0.2858
1788948146570,61,depth,1775762860.197488070,1,0,1,1,1,1,1,0,1,0.0000,-1.0000,3.2668,0.0000,162.7500,275.2253,299.2237,-1.0000,0.0000,0.2191
1788948146878,62,depth,1775762860.499908209,1,0,1,1,1,1,1,0,1,0.0000,-1.0000,1.0482,0.0000,0.0000,27.1947,3.1963,-1.0000,0.0000,0.2225
1788948147236,63,depth,1775762860.797497034,1,0,1,1,1,1,1,0,1,0.0000,-1.0000,0.0542,0.0000,0.0000,324.7837,300.7853,-1.0000,0.0000,0.2759
1788948147650,64,depth,1775762861.164115906,1,0,1,1,1,1,1,0,1,0.0000,-1.0000,6.0802,0.0000,0.0000,314.3816,331.3161,-1.0000,0.0000,0.2452
1788948148013,65,depth,1775762861.464257956,0,0,1,1,1,1,1,0,1,-1.0000,-1.0000,2.5332,0.0000,0.0000,14.2396,31.1741,-1.0000,0.0000,0.2382
1788948148305,66,depth,1775762861.764244080,1,0,1,1,1,1,1,1,1,0.0000,-1.0000,0.8578,0.0000,0.0000,285.7464,268.8119,0.0000,0.0000,0.2230
1788948148700,67,depth,1775762862.064860106,1,0,1,1,1,1,1,1,1,0.0000,-1.0000,4.8788,0.0000,0.0000,586.3624,569.4279,0.0000,0.0000,0.2478
1788948149112,68,depth,1775762862.397688150,1,0,1,1,1,1,1,1,1,0.0000,-1.0000,0.5518,0.0000,0.0000,78.4044,106.4413,0.0000,0.0000,0.2496
1788948149474,69,depth,1775762862.731512070,1,0,1,1,1,1,1,1,1,0.0000,-1.0000,2.2908,0.0000,0.0000,255.4196,227.3827,0.0000,0.0000,0.2466
1788948149843,70,depth,1775762863.064367056,1,0,1,1,1,1,1,1,1,0.0000,-1.0000,3.0608,0.0000,0.0000,588.2746,560.2377,0.0000,0.0000,0.2313
1788948150558,71,depth,1775762863.364387989,1,0,1,1,1,1,1,1,1,0.0000,-1.0000,3.4557,0.0000,0.0000,108.1843,128.8497,0.0000,0.0000,0.2433
1788948150928,72,depth,1775762864.031114101,1,0,1,1,1,1,1,1,1,0.0000,-1.0000,0.2447,0.0000,0.0000,558.5417,537.8763,0.0000,0.0000,0.2703
1788948151634,73,depth,1775762864.398462057,1,0,1,1,1,1,1,1,1,0.0000,-1.0000,4.9558,0.0000,0.0000,76.4955,96.3630,0.0000,0.0000,0.2614
1788948151643,74,depth,1775762864.697625160,1,0,1,1,1,1,1,1,1,0.0000,-1.0000,2.3137,0.0000,0.0000,222.6675,202.8000,0.0000,0.0000,0.2809
1788948152449,75,depth,1775762865.032504082,1,0,1,1,1,1,1,1,1,0.0000,-1.0000,0.8078,0.0000,0.0000,450.6122,468.0105,0.0000,0.0000,0.2989
1788948152451,76,depth,1775762865.331001043,1,0,1,1,1,1,1,1,1,0.0000,-1.0000,0.4698,0.0000,0.0000,152.1152,169.5135,0.0000,0.0000,0.2625
1788948153122,77,depth,1775762865.664516211,1,0,1,1,1,1,1,1,1,0.0000,-1.0000,2.2273,0.0000,0.0000,181.3998,164.0015,0.0000,0.0000,0.2953
1788948153439,78,depth,1775762866.297865868,1,0,1,1,1,1,1,1,1,0.0000,-1.0000,0.0802,0.0000,0.0000,174.6452,192.1068,0.0000,0.0000,0.2966
1788948153775,79,depth,1775762866.632082224,1,0,1,1,1,1,1,1,1,0.0000,-1.0000,4.9108,0.0000,0.0000,159.5708,142.1092,0.0000,0.0000,0.2637
1788948154998,80,depth,1775762866.997498035,1,0,1,1,1,1,1,1,1,0.0000,-1.0000,1.9507,0.0000,0.0000,528.5992,562.7875,0.0000,0.0000,0.2646
1788948155022,81,depth,1775762867.331611156,1,0,1,1,1,1,1,1,1,0.0000,-1.0000,2.9373,0.0000,0.0000,194.4862,228.6745,0.0000,0.0000,0.3565
1788948155377,82,depth,1775762868.064747095,1,0,1,1,1,1,1,1,1,0.0000,-1.0000,3.4167,0.0000,0.0000,538.6498,504.4615,0.0000,0.0000,0.2722
1788948155753,83,depth,1775762868.398113966,1,0,1,1,1,1,1,1,1,0.0000,-1.0000,3.2578,0.0000,0.0000,67.2058,87.3326,0.0000,0.0000,0.2672
1788948156143,84,depth,1775762868.731498957,1,0,1,1,1,1,1,1,1,0.0000,-1.0000,0.1797,0.0000,0.0000,266.1792,246.0524,0.0000,0.0000,0.2806
1788948156848,85,depth,1775762869.097985029,1,0,1,1,1,1,1,1,1,0.0000,-1.0000,1.6263,0.0000,0.0000,377.1347,400.9566,0.0000,0.0000,0.2860
1788948157280,86,depth,1775762869.931363106,1,0,1,1,1,1,1,1,1,0.0000,-1.0000,3.3532,0.0000,0.0000,456.2433,432.4214,0.0000,0.0000,0.4629
1788948157660,87,depth,1775762870.265211105,1,0,1,1,1,1,1,1,1,0.0000,-1.0000,1.5902,0.0000,0.0000,203.5365,234.0232,0.0000,800.3430,0.4753
1788948158033,88,depth,1775762870.631622076,1,0,1,1,1,1,1,1,1,0.0000,-1.0000,0.2192,0.0000,0.0000,162.8745,132.3878,0.0000,0.0000,0.2905
1788948158428,89,depth,1775762870.965173960,1,0,1,1,1,1,1,1,1,0.0000,-1.0000,1.2478,0.0000,0.0000,496.4265,465.9398,0.0000,0.0000,0.3826
1788948158778,90,depth,1775762871.364989042,1,0,1,1,1,1,1,1,1,0.0000,-1.0000,3.0678,0.0000,0.0000,119.1333,142.7753,0.0000,0.0000,0.2896
1788948159210,91,depth,1775762871.798377991,1,0,1,1,1,1,1,1,1,0.0000,-1.0000,2.0982,0.0000,0.0000,314.2557,290.6137,0.0000,0.0000,0.2819
1788948159596,92,depth,1775762872.098387003,1,0,1,1,1,1,1,1,1,0.0000,-1.0000,1.3158,0.0000,0.0000,380.8971,399.5017,0.0000,0.0000,0.3009
1788948160007,93,depth,1775762872.531740189,1,0,1,1,1,1,1,1,1,0.0000,-1.0000,3.7188,0.0000,0.0000,52.4559,33.8513,0.0000,0.0000,0.2780
1788948160355,94,depth,1775762872.899463892,1,0,1,1,1,1,1,1,1,0.0000,-1.0000,1.2022,0.0000,0.0000,420.1799,401.5753,0.0000,0.0000,0.2811
1788948160737,95,depth,1775762873.264999866,1,0,1,1,1,1,1,1,1,0.0000,-1.0000,3.1437,0.0000,0.0000,207.8989,232.5275,0.0000,0.0000,0.2729
1788948161116,96,depth,1775762873.631874084,1,0,1,1,1,1,1,1,1,0.0000,-1.0000,0.9497,0.0000,0.0000,158.9751,134.3465,0.0000,0.0000,0.2986
1788948161447,97,depth,1775762873.998490095,1,0,1,1,1,1,1,1,1,0.0000,-1.0000,1.5462,0.0000,0.0000,525.5911,500.9625,0.0000,0.0000,0.2956
1788948161856,98,depth,1775762874.398504019,1,0,1,1,1,1,1,1,1,0.0000,-1.0000,0.8653,0.0000,0.0000,67.0899,98.2635,0.0000,0.0000,0.3002
1788948162696,99,depth,1775762874.831861973,1,0,1,1,1,1,1,1,1,0.0000,-1.0000,3.6983,0.0000,0.0000,652.7520,668.2973,0.0000,0.0000,0.2955
1788948162711,100,depth,1775762875.231988907,1,0,1,1,1,1,1,1,1,0.0000,-1.0000,1.1578,0.0000,0.0000,252.6250,268.1703,0.0000,0.0000,0.2895
1788948163116,101,depth,1775762875.598608017,1,0,1,1,1,1,1,1,1,0.0000,-1.0000,3.0968,0.0000,0.0000,113.9940,98.4487,0.0000,0.0000,0.3956
1788948163478,102,depth,1775762876.033251047,1,0,1,1,1,1,1,1,1,0.0000,-1.0000,12.2798,0.0000,0.0000,548.6370,533.0917,0.0000,0.0000,0.2787
1788948163857,103,depth,1775762876.398741007,1,0,1,1,1,1,1,1,1,0.0000,-1.0000,2.1052,0.0000,0.0000,72.5274,92.2116,0.0000,0.0000,0.2769
1788948164222,104,depth,1775762876.798747063,1,0,1,1,1,1,1,1,1,0.0000,-1.0000,0.0058,0.0000,0.0000,327.4786,307.7944,0.0000,0.0000,0.2749
1788948164627,105,depth,1775762877.165367126,1,0,1,1,1,1,1,1,1,0.0000,-1.0000,4.1208,0.0000,0.0000,314.9116,331.7895,0.0000,0.0000,0.3020
1788948164927,106,depth,1775762877.566113949,1,0,1,1,1,1,1,1,1,0.0000,-1.0000,3.2672,0.0000,0.0000,85.8354,68.9575,0.0000,0.0000,0.2665
1788948165373,107,depth,1775762877.932003021,1,0,1,1,1,1,1,1,1,0.0000,-1.0000,0.1168,0.0000,0.0000,451.7244,434.8465,0.0000,0.0000,0.3074
1788948165852,108,depth,1775762878.332108974,1,0,1,1,1,1,1,1,1,0.0000,-1.0000,2.2278,0.0000,0.0000,404.5449,834.9525,0.0000,0.0000,0.3042
1788948166220,109,depth,1775762878.798864126,1,0,1,1,1,1,1,1,1,0.0000,-1.0000,5.0622,0.0000,0.0000,62.2101,44.7038,0.0000,0.0000,0.2977
1788948166576,110,depth,1775762879.165616035,1,0,1,1,1,1,1,1,1,0.0000,-1.0000,4.2548,0.0000,0.0000,322.6044,342.8162,0.0000,0.0000,0.3119
1788948167004,111,depth,1775762879.565830231,1,0,1,1,1,1,1,1,1,0.0000,-1.0000,3.6662,0.0000,0.0000,77.6096,57.3978,0.0000,0.0000,0.3029
1788948167379,112,depth,1775762879.999002218,1,0,1,1,1,1,1,1,1,0.0000,-1.0000,1.2508,0.0000,100.1130,510.7816,490.5698,0.0000,0.0000,0.3253
1788948167823,113,depth,1775762880.365927219,1,0,1,1,1,1,1,1,1,0.0000,-1.0000,6.0283,0.0000,0.0000,113.0446,129.5002,0.0000,0.0000,0.3194
1788948168163,114,depth,1775762880.732365131,1,0,1,1,1,1,1,1,1,0.0000,-1.0000,0.1888,0.0000,0.0000,253.3934,236.9378,0.0000,0.0000,0.3453
1788948168538,115,depth,1775762881.065750122,1,0,1,1,1,1,1,1,1,0.0000,-1.0000,0.7162,0.0000,0.0000,586.7784,570.3228,0.0000,0.0000,0.4595
1788948168905,116,depth,1775762881.399127960,1,0,1,1,1,1,1,1,1,0.0000,-1.0000,0.9043,0.0000,0.0000,65.2222,82.4141,0.0000,0.0000,0.2708
1788948169285,117,depth,1775762881.765749931,1,0,1,1,1,1,1,1,1,0.0000,-1.0000,2.2187,0.0000,0.0000,301.3998,284.2079,0.0000,0.0000,0.2915
1788948169641,118,depth,1775762882.167490959,1,0,1,1,1,1,1,1,1,0.0000,-1.0000,4.4523,0.0000,0.0000,394.0876,410.6969,0.0000,0.0000,0.2922
1788948169889,119,depth,1775762882.565872192,1,0,1,1,1,1,1,1,1,0.0000,-1.0000,4.8992,0.0000,0.0000,4.2934,12.3159,0.0000,0.0000,0.2753
1788948170380,120,depth,1775762882.932381868,1,0,1,1,1,1,1,1,1,0.0000,-1.0000,0.5367,0.0000,0.0000,370.8034,354.1941,0.0000,0.0000,0.3174
1788948171108,121,depth,1775762883.299238205,1,0,1,1,1,1,1,1,1,0.0000,-1.0000,3.5582,0.0000,0.0000,169.2640,187.9878,0.0000,0.0000,0.3036
1788948171114,122,depth,1775762883.632627010,1,0,1,1,1,1,1,1,1,0.0000,-1.0000,4.7892,0.0000,0.0000,164.1250,145.4012,0.0000,0.0000,0.2974
1788948171129,123,depth,1775762883.999242067,1,0,1,1,1,1,1,1,1,0.0000,-1.0000,0.6792,0.0000,0.0000,530.7400,512.0162,0.0000,0.0000,0.3126
1788948171863,124,depth,1775762884.399368048,1,0,1,1,1,1,1,1,1,0.0000,-1.0000,3.9868,0.0000,0.0000,340.7671,367.8230,0.0000,0.0000,0.2914
1788948172223,125,depth,1775762884.865994930,1,0,1,1,1,1,1,1,1,0.0000,-1.0000,0.8962,0.0000,0.0000,125.8599,98.8040,0.0000,0.0000,0.3041
1788948172443,126,depth,1775762885.265881062,1,0,1,1,1,1,1,1,1,0.0000,-1.0000,0.9948,0.0000,0.0000,525.7459,498.6900,0.0000,0.0000,0.3230
1788948172756,127,depth,1775762885.632668257,1,0,1,1,1,1,1,1,1,0.0000,-1.0000,4.8632,0.0000,0.0000,117.5815,131.9051,0.0000,0.0000,0.3022
1788948173425,128,depth,1775762886.032878160,1,0,1,1,1,1,1,1,1,0.0000,-1.0000,2.4218,0.0000,36.3590,443.8323,471.2572,0.0000,0.0000,0.3778
1788948173711,129,depth,1775762886.532865047,1,0,1,1,1,1,1,1,1,0.0000,-1.0000,0.4788,0.0000,0.0000,56.1547,28.7298,0.0000,0.0000,0.2945
1788948174618,130,depth,1775762886.899494171,1,0,1,1,1,1,1,1,1,0.0000,-1.0000,2.3878,0.0000,0.0000,591.2125,613.1649,0.0000,0.0000,0.3567
1788948174627,131,depth,1775762887.266244173,1,0,1,1,1,1,1,1,1,0.0000,-1.0000,4.4578,0.0000,0.0000,224.4625,246.4149,0.0000,0.0000,0.2976
1788948174822,132,depth,1775762887.699704170,1,0,1,1,1,1,1,1,1,0.0000,-1.0000,4.8603,0.0000,0.0000,208.9975,187.0451,0.0000,0.0000,0.3120
1788948175083,133,depth,1775762888.099626064,1,0,1,1,1,1,1,1,1,0.0000,-1.0000,0.4177,0.0000,0.0000,608.9195,586.9671,0.0000,0.0000,0.3388
1788948175801,134,depth,1775762888.433001995,1,0,1,1,1,1,1,1,1,0.0000,-1.0000,3.8642,0.0000,0.0000,53.4424,69.8224,0.0000,0.0000,0.3003
1788948176370,135,depth,1775762888.832877159,1,0,1,1,1,1,1,1,1,0.0000,-1.0000,1.5917,0.0000,0.0000,346.4326,330.0526,0.0000,0.0000,0.3051
1788948176683,136,depth,1775762889.199625969,1,0,1,1,1,1,1,1,1,0.0000,-1.0000,3.0098,0.0000,0.0000,272.7535,303.2771,0.0000,0.0000,0.3303
1788948177421,137,depth,1775762889.599744081,1,0,1,1,1,1,1,1,1,0.0000,-1.0000,0.4603,0.0000,0.0000,127.3645,96.8409,0.0000,0.0000,0.3142
1788948177432,138,depth,1775762890.000217199,1,0,1,1,1,1,1,1,1,0.0000,-1.0000,3.3308,0.0000,0.0000,527.8375,497.3139,0.0000,0.0000,0.3040
1788948177813,139,depth,1775762890.333003998,1,0,1,1,1,1,1,1,1,0.0000,-1.0000,5.7697,0.0000,0.0000,195.7490,220.0504,0.0000,0.0000,0.2937
1788948178146,140,depth,1775762890.668476820,1,0,1,1,1,1,1,1,1,0.0000,-1.0000,3.0108,0.0000,0.0000,139.7240,115.4226,0.0000,0.0000,0.3142
1788948178456,141,depth,1775762890.999864101,1,0,1,1,1,1,1,1,1,0.0000,-1.0000,2.4247,0.0000,0.0000,471.1110,446.8096,0.0000,0.0000,0.3225
1788948178989,142,depth,1775762891.333235979,1,0,1,1,1,1,1,1,1,0.0000,-1.0000,3.3427,0.0000,0.0000,143.8816,165.4311,0.0000,0.0000,0.3689
1788948179194,143,depth,1775762891.699760199,1,0,1,1,1,1,1,1,1,0.0000,-1.0000,4.0312,0.0000,0.0000,222.6424,201.0929,0.0000,0.0000,0.3249
1788948179785,144,depth,1775762892.034694195,1,0,1,1,1,1,1,1,1,0.0000,-1.0000,3.3872,0.0000,0.0000,557.5764,536.0269,0.0000,0.0000,0.3005
1788948180005,145,depth,1775762892.433287859,1,0,1,1,1,1,1,1,1,0.0000,-1.0000,4.9282,0.0000,0.0000,37.9454,60.6437,0.0000,0.0000,0.3039
1788948180463,146,depth,1775762892.799998999,1,0,1,1,1,1,1,1,1,0.0000,-1.0000,4.7003,0.0000,0.0000,328.7656,306.0673,0.0000,0.0000,0.3556
1788948180791,147,depth,1775762893.166622877,1,0,1,1,1,1,1,1,1,0.0000,-1.0000,0.9532,0.0000,0.0000,295.2738,309.1514,0.0000,0.0000,0.3036
1788948181247,148,depth,1775762893.499989033,1,0,1,1,1,1,1,1,1,0.0000,-1.0000,0.3953,0.0000,0.0000,38.0922,24.2146,0.0000,0.0000,0.5325
1788948181580,149,depth,1775762894.000006199,1,0,1,1,1,1,1,1,1,0.0000,-1.0000,1.5177,0.0000,0.0000,538.1092,524.2316,0.0000,0.0000,0.3168
1788948182117,150,depth,1775762894.366760015,1,0,1,1,1,1,1,1,1,0.0000,-1.0000,4.8737,0.0000,0.0000,164.7381,181.5378,0.0000,0.0000,0.3223
1788948182438,151,depth,1775762894.767400980,1,0,1,1,1,1,1,1,1,0.0000,-1.0000,9.8327,0.0000,0.0000,235.9029,219.1032,0.0000,0.0000,0.3575
1788948182930,152,depth,1775762895.166875124,1,0,1,1,1,1,1,1,1,0.0000,-1.0000,10.8887,0.0000,0.0000,333.5391,353.7294,0.0000,0.0000,0.4809
1788948183761,153,depth,1775762895.666896105,1,0,1,1,1,1,1,1,1,0.0000,-1.0000,0.1227,0.0000,0.0000,166.4819,146.2916,0.0000,0.0000,0.4955
1788948183765,154,depth,1775762896.033382177,1,0,1,1,1,1,1,1,1,0.0000,-1.0000,3.8583,0.0000,0.0000,532.9679,512.7776,0.0000,0.0000,0.3009
1788948183992,155,depth,1775762896.433620930,1,0,1,1,1,1,1,1,1,0.0000,-1.0000,4.0377,0.0000,0.0000,43.6251,59.8826,0.0000,0.0000,0.3271
1788948184502,156,depth,1775762896.766870975,1,0,1,1,1,1,1,1,1,0.0000,-1.0000,0.1777,0.0000,0.0000,289.6249,273.3674,0.0000,0.0000,0.3131
1788948184807,157,depth,1775762897.133798122,1,0,1,1,1,1,1,1,1,0.0000,-1.0000,2.0693,0.0000,0.0000,357.1944,373.0261,0.0000,0.0000,0.5060
1788948185361,158,depth,1775762897.533627033,1,0,1,1,1,1,1,1,1,0.0000,-1.0000,3.3017,0.0000,0.0000,42.6346,26.8029,0.0000,0.0000,0.3435
1788948185784,159,depth,1775762897.900827169,1,0,1,1,1,1,1,1,1,0.0000,-1.0000,0.7817,0.0000,0.0000,409.8346,394.0029,0.0000,0.0000,0.5242
1788948186130,160,depth,1775762898.300381899,1,0,1,1,1,1,1,1,1,0.0000,-1.0000,1.3617,0.0000,66.6320,170.8573,188.3759,0.0000,0.0000,0.3384
1788948186464,161,depth,1775762898.633749008,1,0,1,1,1,1,1,1,1,0.0000,-1.0000,5.3128,0.0000,0.0000,162.5097,144.9911,0.0000,0.0000,0.5259
1788948186770,162,depth,1775762899.000499964,1,0,1,1,1,1,1,1,1,0.0000,-1.0000,2.3188,0.0000,0.0000,529.2607,511.7421,0.0000,0.0000,0.3400
1788948187432,163,depth,1775762899.433880091,1,0,1,1,1,1,1,1,1,0.0000,-1.0000,2.6413,0.0000,0.0000,38.6986,72.1448,0.0000,0.0000,0.3144
1788948187694,164,depth,1775762899.867130041,1,0,1,1,1,1,1,1,1,0.0000,-1.0000,4.7637,0.0000,0.0000,394.5514,361.1052,0.0000,0.0000,0.3161
1788948188007,165,depth,1775762900.233884096,1,0,1,1,1,1,1,1,1,0.0000,-1.0000,2.0853,0.0000,0.0000,234.7272,251.5422,0.0000,0.0000,0.3147
1788948188659,166,depth,1775762900.600633144,1,0,1,1,1,1,1,1,1,0.0000,-1.0000,3.7943,0.0000,0.0000,132.0218,115.2068,0.0000,0.0000,0.3143
1788948189345,167,depth,1775762900.967123985,1,0,1,1,1,1,1,1,1,0.0000,-1.0000,0.1753,0.0000,0.0000,499.6883,516.5148,0.0000,0.0000,0.3892
1788948189587,168,depth,1775762901.700629950,1,0,1,1,1,1,1,1,1,0.0000,-1.0000,3.6013,0.0000,0.0000,233.8177,216.9912,0.0000,0.0000,0.3040
1788948189852,169,depth,1775762902.000533104,1,0,1,1,1,1,1,1,1,0.0000,-1.0000,1.8393,0.0000,0.0000,533.7207,516.8942,0.0000,0.0000,0.3327
1788948190556,170,depth,1775762902.367383957,1,0,1,1,1,1,1,1,1,0.0000,-1.0000,6.1853,0.0000,0.0000,121.4225,136.7915,0.0000,0.0000,0.3413
1788948190859,171,depth,1775762902.767255068,1,0,1,1,1,1,1,1,1,0.0000,-1.0000,5.5263,0.0000,0.0000,278.4485,263.0795,0.0000,0.0000,0.3364
1788948191240,172,depth,1775762903.100776911,1,0,1,1,1,1,1,1,1,0.0000,-1.0000,0.6417,0.0000,0.0000,611.9705,596.6015,0.0000,0.0000,0.3214
1788948191663,173,depth,1775762903.434138060,1,0,1,1,1,1,1,1,1,0.0000,-1.0000,0.7918,0.0000,0.0000,49.8704,62.8418,0.0000,0.0000,0.4209
1788948191898,174,depth,1775762903.734012127,1,0,1,1,1,1,1,1,1,0.0000,-1.0000,1.8308,0.0000,0.0000,250.0036,237.0322,0.0000,0.0000,0.3644
1788948192256,175,depth,1775762904.034018040,1,0,1,1,1,1,1,1,1,0.0000,-1.0000,2.0632,0.0000,199.8810,550.0096,537.0382,0.0000,0.0000,0.5608
1788948192446,176,depth,1775762904.334247112,1,0,1,1,1,1,1,1,1,0.0000,-1.0000,4.3958,0.0000,0.0000,134.2691,161.3791,0.0000,0.0000,0.9015
1788948192770,177,depth,1775762904.667523146,1,0,1,1,1,1,1,1,1,0.0000,-1.0000,5.9143,0.0000,0.0000,199.0069,171.8969,0.0000,0.0000,0.6285
1788948193341,178,depth,1775762905.000786066,1,0,1,1,1,1,1,1,1,0.0000,-1.0000,0.1777,0.0000,0.0000,532.2699,505.1599,0.0000,0.0000,0.3112
1788948193750,179,depth,1775762905.336220980,1,0,1,1,1,1,1,1,1,0.0000,-1.0000,4.0977,0.0000,0.0000,168.8891,184.1538,0.0000,0.0000,0.3295
1788948193873,180,depth,1775762905.634289265,1,0,1,1,1,1,1,1,1,0.0000,-1.0000,4.8647,0.0000,0.0000,129.1789,113.9142,0.0000,0.0000,0.4045
1788948194170,181,depth,1775762905.967671156,1,0,1,1,1,1,1,1,1,0.0000,-1.0000,3.2402,0.0000,0.0000,462.5609,447.2962,0.0000,0.0000,0.3489
1788948194955,182,depth,1775762906.302808046,1,0,1,1,1,1,1,1,1,0.0000,-1.0000,4.9257,0.0000,0.0000,173.9261,189.8359,0.0000,0.0000,0.5987
1788948195293,183,depth,1775762906.667752981,1,0,1,1,1,1,1,1,1,0.0000,-1.0000,0.4043,0.0000,0.0000,191.0189,175.1091,0.0000,0.0000,0.3293
1788948195676,184,depth,1775762907.001144171,1,0,1,1,1,1,1,1,1,0.0000,-1.0000,3.3547,0.0000,0.0000,524.4099,508.5001,0.0000,0.0000,0.3275
1788948195911,185,depth,1775762907.367635965,1,0,1,1,1,1,1,1,1,0.0000,-1.0000,0.6323,0.0000,0.0000,103.3297,125.1006,0.0000,0.0000,0.3686
1788948196457,186,depth,1775762907.701229095,1,0,1,1,1,1,1,1,1,0.0000,-1.0000,2.1403,0.0000,0.0000,230.2633,208.4924,0.0000,0.0000,0.3510
1788948196711,187,depth,1775762908.067890882,1,0,1,1,1,1,1,1,1,0.0000,-1.0000,1.3077,0.0000,0.0000,596.9253,575.1544,0.0000,0.0000,0.3568
1788948197043,188,depth,1775762908.434386253,1,0,1,1,1,1,1,1,1,0.0000,-1.0000,2.3877,0.0000,0.0000,34.7707,53.5431,0.0000,0.0000,0.3361
1788948197748,189,depth,1775762908.967943907,1,0,1,1,1,1,1,1,1,0.0000,-1.0000,3.7147,0.0000,0.0000,498.7873,480.0149,0.0000,0.0000,0.3398
1788948198000,190,depth,1775762909.305130959,1,0,1,1,1,1,1,1,1,0.0000,-1.0000,3.6827,0.0000,0.0000,164.4907,217.3341,0.0000,0.0000,0.3921
1788948198651,191,depth,1775762909.768002033,1,0,1,1,1,1,1,1,1,0.0000,-1.0000,4.7167,0.0000,0.0000,298.3803,245.5369,0.0000,0.0000,0.4680
1788948198962,192,depth,1775762910.201382160,1,0,1,1,1,1,1,1,1,0.0000,-1.0000,4.6267,0.0000,0.0000,731.7603,678.9169,0.0000,0.0000,0.3513
1788948199279,193,depth,1775762910.534655094,1,0,1,1,1,1,1,1,1,0.0000,-1.0000,9.5513,0.0000,0.0000,292.5000,311.7912,0.0000,0.0000,0.5694
1788948199564,194,depth,1775762910.901262045,1,0,1,1,1,1,1,1,1,0.0000,-1.0000,3.8808,0.0000,0.0000,74.1070,54.8158,0.0000,0.0000,0.3344
1788948200189,195,depth,1775762911.234779119,1,0,1,1,1,1,1,1,0,0.0000,-1.0000,4.4897,0.0000,0.0000,252.1574,282.1641,0.0000,-1.0000,0.5741
1788948200506,196,depth,1775762911.570202112,1,0,1,1,1,1,1,1,1,0.0000,-1.0000,1.7083,0.0000,0.0000,83.2656,53.2589,0.0000,335.4230,0.4114
1788948200789,197,depth,1775762912.070588112,1,0,1,1,1,1,1,0,1,0.0000,-1.0000,5.7243,0.0000,0.0000,583.6516,553.6449,-1.0000,0.0000,0.3513
1788948201074,198,depth,1775762912.401510239,1,0,1,1,1,1,1,0,1,0.0000,-1.0000,2.3563,0.0000,0.0000,70.6851,91.7130,-1.0000,0.0000,0.3390
1788948201743,199,depth,1775762912.768137932,1,0,1,1,1,1,1,1,1,0.0000,-1.0000,0.7607,0.0000,0.0000,295.9429,274.9150,0.0000,0.0000,0.3747
1788948202358,200,depth,1775762913.168203115,1,0,1,1,1,1,1,1,1,0.0000,-1.0000,8.4282,0.0000,0.0000,299.4572,320.3803,0.0000,0.0000,0.3630
1788948202579,201,depth,1775762913.501650095,1,0,1,1,1,1,1,1,1,0.0000,-1.0000,0.8588,0.0000,0.0000,33.9898,13.0667,0.0000,0.0000,0.3686
1788948202870,202,depth,1775762913.801635981,1,0,1,1,1,1,1,1,1,0.0000,-1.0000,2.0098,0.0000,0.0000,333.9758,313.0527,0.0000,0.0000,0.3285
1788948203515,203,depth,1775762914.135040045,1,0,1,1,1,1,1,1,1,0.0000,-1.0000,3.6563,0.0000,0.0000,338.9708,369.9468,0.0000,0.0000,0.5983
1788948203777,204,depth,1775762914.534889936,1,0,1,1,1,1,1,1,1,0.0000,-1.0000,4.2262,0.0000,0.0000,60.8792,29.9032,0.0000,0.0000,0.3634
1788948204043,205,depth,1775762914.868381977,1,0,1,1,1,1,1,1,1,0.0000,-1.0000,0.0408,0.0000,0.0000,394.3712,363.3952,0.0000,0.0000,0.3752
1788948204697,206,depth,1775762915.235008001,1,0,1,1,1,1,1,1,1,0.0000,-1.0000,0.5457,0.0000,0.0000,254.3742,276.4200,0.0000,0.0000,0.4354
1788948204981,207,depth,1775762915.601766109,1,0,1,1,1,1,1,1,1,0.0000,-1.0000,4.0648,0.0000,0.0000,112.3838,90.3380,0.0000,0.0000,0.3582
1788948205456,208,depth,1775762915.901745081,1,0,1,1,1,1,1,1,1,0.0000,-1.0000,4.9212,0.0000,0.0000,412.3628,390.3170,0.0000,0.0000,0.3459
1788948205990,209,depth,1775762916.235612869,1,0,1,1,1,1,1,1,1,0.0000,-1.0000,2.2543,0.0000,0.0000,240.3919,261.0888,0.0000,0.0000,0.3506
1788948205997,210,depth,1775762916.568503141,1,0,1,1,1,1,1,1,1,0.0000,-1.0000,4.2107,0.0000,0.0000,92.4981,71.8012,0.0000,0.0000,0.3643
1788948206476,211,depth,1775762916.938077927,1,0,1,1,1,1,1,1,1,0.0000,-1.0000,0.2943,0.0000,0.0000,462.0731,441.3762,0.0000,0.0000,0.3385
1788948206772,212,depth,1775762917.301884174,1,0,1,1,1,1,1,1,1,0.0000,-1.0000,3.7753,0.0000,0.0000,168.5899,181.7126,0.0000,0.0000,0.3702
1788948207674,213,depth,1775762917.635265112,1,0,1,1,1,1,1,1,1,0.0000,-1.0000,5.4062,0.0000,0.0000,164.7911,151.6684,0.0000,0.0000,0.3221
1788948207804,214,depth,1775762918.001887083,1,0,1,1,1,1,1,1,1,0.0000,-1.0000,0.8908,0.0000,0.0000,531.4131,518.2904,0.0000,0.0000,0.3480
1788948208079,215,depth,1775762918.368514061,1,0,1,1,1,1,1,1,1,0.0000,-1.0000,4.6553,0.0000,0.0000,98.8650,116.8447,0.0000,0.0000,0.3836
1788948208370,216,depth,1775762918.702007055,1,0,1,1,1,1,1,1,1,0.0000,-1.0000,1.8767,0.0000,0.0000,234.6279,216.6483,0.0000,0.0000,0.3280
1788948209876,217,depth,1775762919.102082968,1,0,1,1,1,1,1,1,1,0.0000,-1.0000,2.3493,0.0000,0.0000,410.7095,427.1817,0.0000,0.0000,0.3591
1788948209883,218,depth,1775762919.468772173,1,0,1,1,1,1,1,1,1,0.0000,-1.0000,3.6383,0.0000,0.0000,44.0205,60.4927,0.0000,0.0000,0.3560
1788948209898,219,depth,1775762919.869062185,1,0,1,1,1,1,1,1,1,0.0000,-1.0000,5.5408,0.0000,0.0000,356.2695,339.7973,0.0000,0.0000,0.3407
1788948210182,220,depth,1775762920.202140093,1,0,1,1,1,1,1,1,1,0.0000,-1.0000,3.6737,0.0000,66.4980,689.3475,672.8753,0.0000,0.0000,0.3669
1788948210613,221,depth,1775762920.602134943,1,0,1,1,1,1,1,1,1,0.0000,-1.0000,4.1713,0.0000,0.0000,1089.3425,1072.8703,0.0000,0.0000,0.3901
1788948211045,222,depth,1775762921.035396099,1,0,1,1,1,1,1,1,1,0.0000,-1.0000,2.7877,0.0000,33.4910,119.5794,146.4489,0.0000,0.0000,0.4493
1788948211468,223,depth,1775762921.404824018,1,0,1,1,1,1,1,1,1,0.0000,-1.0000,0.2097,0.0000,0.0000,249.8486,222.9791,0.0000,0.0000,0.3463
1788948211836,224,depth,1775762921.802327156,1,0,1,1,1,1,1,1,1,0.0000,-1.0000,2.6133,0.0000,0.0000,177.4902,204.5863,0.0000,0.0000,0.4914
1788948212192,225,depth,1775762922.169724226,1,0,1,1,1,1,1,1,1,0.0000,-1.0000,0.6303,0.0000,0.0000,303.7247,318.6561,0.0000,0.0000,0.3571
1788948212553,226,depth,1775762922.502507925,1,0,1,1,1,1,1,1,1,0.0000,-1.0000,3.0757,0.0000,0.0000,29.0593,14.1279,0.0000,0.0000,0.3625
1788948213061,227,depth,1775762922.869010925,1,0,1,1,1,1,1,1,1,0.0000,-1.0000,4.1673,0.0000,0.0000,395.5623,380.6309,0.0000,0.0000,0.3880
1788948213380,228,depth,1775762923.302409887,1,0,1,1,1,1,1,1,1,0.0000,-1.0000,2.4063,0.0000,0.0000,189.0718,203.4769,0.0000,0.0000,0.3847
1788948213732,229,depth,1775762923.635653019,1,0,1,1,1,1,1,1,1,0.0000,-1.0000,3.8443,0.0000,0.0000,144.1712,129.7661,0.0000,0.0000,0.3870
1788948214082,230,depth,1775762924.002274990,1,0,1,1,1,1,1,1,1,0.0000,-1.0000,0.3563,0.0000,0.0000,510.7932,496.3881,0.0000,0.0000,0.3863
1788948214557,231,depth,1775762924.402266026,1,0,1,1,1,1,1,1,1,0.0000,-1.0000,2.7177,0.0000,0.0000,96.2182,117.2852,0.0000,0.0000,0.3622
1788948214961,232,depth,1775762924.770303011,1,0,1,1,1,1,1,1,1,0.0000,-1.0000,2.8143,0.0000,0.0000,271.8188,250.7518,0.0000,0.0000,0.3531
1788948215279,233,depth,1775762925.102514982,1,0,1,1,1,1,1,1,1,0.0000,-1.0000,2.1287,0.0000,0.0000,370.2039,389.3300,0.0000,0.0000,0.3886
1788948215746,234,depth,1775762925.569084883,1,0,1,1,1,1,1,1,1,0.0000,-1.0000,3.0713,0.0000,0.0000,96.3661,77.2400,0.0000,0.0000,0.3590
1788948216152,235,depth,1775762925.936574936,1,0,1,1,1,1,1,1,1,0.0000,-1.0000,4.6187,0.0000,0.0000,463.8561,444.7300,0.0000,0.0000,0.3577
1788948216517,236,depth,1775762926.369147062,1,0,1,1,1,1,1,1,1,0.0000,-1.0000,14.7483,0.0000,0.0000,98.9029,123.8228,0.0000,0.0000,0.3733
1788948216956,237,depth,1775762926.769263029,1,0,1,1,1,1,1,1,1,0.0000,-1.0000,0.8757,0.0000,0.0000,301.2131,276.2932,0.0000,0.0000,0.3862
1788948217565,238,depth,1775762927.169269085,1,0,1,1,1,1,1,1,1,0.0000,-1.0000,1.1353,0.0000,0.0000,300.8070,324.4404,0.0000,0.0000,0.3826
1788948217673,239,depth,1775762927.536714077,1,0,1,1,1,1,1,1,1,0.0000,-1.0000,24.3447,0.0000,0.0000,66.6380,43.0046,0.0000,0.0000,0.3846
1788948218065,240,depth,1775762927.869399071,1,0,1,1,1,1,1,1,1,0.0000,-1.0000,3.4647,0.0000,0.0000,399.3230,375.6896,0.0000,0.0000,0.4171
1788948218443,241,depth,1775762928.202770233,1,0,1,1,1,1,1,1,1,0.0000,-1.0000,2.1787,0.0000,0.0000,270.6362,292.9042,0.0000,0.0000,0.3575
1788948218858,242,depth,1775762928.602771044,1,0,1,1,1,1,1,1,1,0.0000,-1.0000,4.8973,0.0000,0.0000,129.3648,107.0968,0.0000,0.0000,0.3921
1788948219310,243,depth,1775762929.036143064,1,0,1,1,1,1,1,1,1,0.0000,-1.0000,2.2493,0.0000,0.0000,562.7368,540.4688,0.0000,0.0000,0.3538
1788948219739,244,depth,1775762929.436018229,1,0,1,1,1,1,1,1,1,0.0000,-1.0000,3.4757,0.0000,0.0000,33.2287,51.8462,0.0000,0.0000,0.4005
1788948220127,245,depth,1775762929.769522190,1,0,1,1,1,1,1,1,1,0.0000,-1.0000,2.0567,0.0000,0.0000,300.2753,281.6578,0.0000,0.0000,0.3872
1788948220819,246,depth,1775762930.102895021,1,0,1,1,1,1,1,1,1,0.0000,-1.0000,3.3037,0.0000,0.0000,363.4284,388.3837,0.0000,0.0000,0.4684
1788948220836,247,depth,1775762930.469506025,1,0,1,1,1,1,1,1,1,0.0000,-1.0000,1.4127,0.0000,0.0000,3.1826,21.7727,0.0000,0.0000,0.3886
1788948221267,248,depth,1775762930.836288929,1,0,1,1,1,1,1,1,1,0.0000,-1.0000,0.6903,0.0000,0.0000,369.9656,345.0103,0.0000,0.0000,0.3879
1788948221646,249,depth,1775762931.236146212,1,0,1,1,1,1,1,1,1,0.0000,-1.0000,4.6527,0.0000,0.0000,769.8226,744.8673,0.0000,0.0000,0.3686
1788948222010,250,depth,1775762931.636265993,1,0,1,1,1,1,1,1,1,0.0000,-1.0000,2.1352,0.0000,0.0000,214.1063,227.5447,0.0000,0.0000,0.3455
1788948222359,251,depth,1775762931.969519138,1,0,1,1,1,1,1,1,1,0.0000,-1.0000,4.4253,0.0000,0.0000,119.1467,105.7083,0.0000,0.0000,0.5104
1788948222703,252,depth,1775762932.338495970,1,0,1,1,1,1,1,1,1,0.0000,-1.0000,1.1248,0.0000,0.0000,154.1553,168.9263,0.0000,0.0000,0.3787
1788948223159,253,depth,1775762932.736388206,1,0,1,1,1,1,1,1,1,0.0000,-1.0000,3.6507,0.0000,0.0000,243.7367,228.9657,0.0000,0.0000,0.3751
1788948223456,254,depth,1775762933.136548042,1,0,1,1,1,1,1,1,1,0.0000,-1.0000,1.0932,0.0000,0.0000,643.8967,629.1257,0.0000,0.0000,0.3756
1788948224234,255,depth,1775762933.469767094,1,0,1,1,1,1,1,1,1,0.0000,-1.0000,2.9008,0.0000,0.0000,31.0270,67.0274,0.0000,0.0000,0.3788
1788948224243,256,depth,1775762933.836578131,1,0,1,1,1,1,1,1,1,0.0000,-1.0000,4.6843,0.0000,0.0000,335.7840,299.7836,0.0000,0.0000,0.3587
1788948225371,257,depth,1775762934.170521021,1,0,1,1,1,1,1,1,1,0.0000,-1.0000,1.4723,0.0000,0.0000,349.3014,375.1604,0.0000,0.0000,0.3934
1788948225376,258,depth,1775762934.571135998,1,0,1,1,1,1,1,1,1,0.0000,-1.0000,1.5573,0.0000,0.0000,51.3136,25.4546,0.0000,0.0000,0.4137
1788948225378,259,depth,1775762934.903291225,1,0,1,1,1,1,1,1,1,0.0000,-1.0000,1.6273,0.0000,0.0000,383.4686,357.6096,0.0000,0.0000,0.3338
1788948225833,260,depth,1775762935.271836042,1,0,1,1,1,1,1,1,1,0.0000,-1.0000,2.4727,0.0000,0.0000,196.3821,216.3572,0.0000,0.0000,0.3741
1788948226864,261,depth,1775762935.636647224,1,0,1,1,1,1,1,1,1,0.0000,-1.0000,2.3683,0.0000,0.0000,835.4856,853.7121,0.0000,0.0000,0.3825
1788948226869,262,depth,1775762936.037084818,1,0,1,1,1,1,1,1,1,0.0000,-1.0000,0.2587,0.0000,0.0000,435.0476,453.2741,0.0000,0.0000,0.4972
1788948227171,263,depth,1775762936.503408194,1,0,1,1,1,1,1,1,1,0.0000,-1.0000,5.4457,0.0000,0.0000,31.2754,13.0489,0.0000,0.0000,0.4020
1788948227694,264,depth,1775762936.969900131,1,0,1,1,1,1,1,1,1,0.0000,-1.0000,0.2037,0.0000,0.0000,497.7674,479.5409,0.0000,0.0000,0.4274
1788948228005,265,depth,1775762937.336923122,1,0,1,1,1,1,1,1,1,0.0000,-1.0000,4.6718,0.0000,0.0000,159.7343,181.4333,0.0000,0.0000,0.4011
1788948228332,266,depth,1775762937.703523159,1,0,1,1,1,1,1,1,1,0.0000,-1.0000,4.0593,0.0000,0.0000,206.8657,185.1667,0.0000,0.0000,0.3797
1788948229152,267,depth,1775762938.036643982,1,0,1,1,1,1,1,1,1,0.0000,-1.0000,2.8903,0.0000,0.0000,473.3402,498.3882,0.0000,0.0000,0.4388
1788948229563,268,depth,1775762938.803519964,1,0,1,1,1,1,1,1,1,0.0000,-1.0000,4.9513,0.0000,0.0000,293.5358,268.4878,0.0000,0.0000,0.4162
1788948229971,269,depth,1775762939.136900187,1,0,1,1,1,1,1,1,1,0.0000,-1.0000,1.5088,0.0000,0.0000,626.9158,601.8678,0.0000,0.0000,0.3629
1788948230335,270,depth,1775762939.570274115,1,0,1,1,1,1,1,1,1,0.0000,-1.0000,0.7072,0.0000,0.0000,101.7835,127.0989,0.0000,0.0000,0.3596
1788948230793,271,depth,1775762939.903650999,1,0,1,1,1,1,1,1,1,0.0000,-1.0000,0.9123,0.0000,0.0000,231.5935,206.2781,0.0000,0.0000,0.3580
1788948231110,272,depth,1775762940.303653002,1,0,1,1,1,1,1,1,1,0.0000,-1.0000,5.8443,0.0000,0.0000,631.5955,606.2801,0.0000,0.0000,0.3535
1788948231576,273,depth,1775762940.670419931,1,0,1,1,1,1,1,1,1,0.0000,-1.0000,0.3338,0.0000,0.0000,269.9921,287.7131,0.0000,0.0000,0.4058
1788948231913,274,depth,1775762941.070271969,1,0,1,1,1,1,1,1,1,0.0000,-1.0000,5.0142,0.0000,0.0000,394.9636,422.8920,0.0000,0.0000,0.4157
1788948232276,275,depth,1775762941.504097939,1,0,1,1,1,1,1,1,1,0.0000,-1.0000,16.9082,0.0000,0.0000,38.8624,10.9340,0.0000,0.0000,0.3845
1788948232661,276,depth,1775762941.836786985,1,0,1,1,1,1,1,1,1,0.0000,-1.0000,5.8467,0.0000,0.0000,371.5514,343.6230,0.0000,0.0000,0.3829
1788948233102,277,depth,1775762942.237030029,1,0,1,1,1,1,1,1,1,0.0000,-1.0000,1.8588,0.0000,0.0000,231.3077,256.8329,0.0000,0.0000,0.4889
1788948233880,278,depth,1775762942.637172937,1,0,1,1,1,1,1,1,1,0.0000,-1.0000,0.6657,0.0000,0.0000,168.8353,143.3101,0.0000,0.0000,0.3999
1788948234286,279,depth,1775762943.436908007,1,0,1,1,1,1,1,1,1,0.0000,-1.0000,1.2007,0.0000,0.0000,968.5703,943.0451,0.0000,0.0000,0.3976
1788948234671,280,depth,1775762943.837273121,1,0,1,1,1,1,1,1,1,0.0000,-1.0000,3.8468,0.0000,0.0000,208.4638,232.0263,0.0000,0.0000,0.3775
1788948235071,281,depth,1775762944.237319946,1,0,1,1,1,1,1,1,1,0.0000,-1.0000,3.3638,0.0000,0.0000,283.4514,303.8557,0.0000,0.0000,0.3909
1788948235427,282,depth,1775762944.570588112,1,0,1,1,1,1,1,1,1,0.0000,-1.0000,0.5232,0.0000,0.0000,49.8166,29.4123,0.0000,0.0000,0.3815
1788948235760,283,depth,1775762944.904026031,1,0,1,1,1,1,1,1,1,0.0000,-1.0000,1.7052,0.0000,0.0000,383.2546,362.8503,0.0000,0.0000,0.3860
1788948236215,284,depth,1775762945.237402201,1,0,1,1,1,1,1,1,1,0.0000,-1.0000,2.1208,0.0000,0.0000,236.3905,256.8446,0.0000,0.0000,0.5027
1788948236743,285,depth,1775762945.571660995,1,0,1,1,1,1,1,1,1,0.0000,-1.0000,3.3102,0.0000,0.0000,97.8685,77.4144,0.0000,0.0000,0.3792
1788948236987,286,depth,1775762945.904303074,1,0,1,1,1,1,1,1,1,0.0000,-1.0000,4.8518,0.0000,0.0000,430.5105,410.0564,0.0000,0.0000,0.4207
1788948237361,287,depth,1775762946.337581158,1,0,1,1,1,1,1,1,1,0.0000,-1.0000,0.4252,0.0000,0.0000,134.2163,161.6165,0.0000,0.0000,0.3988
1788948237708,288,depth,1775762946.704214096,1,0,1,1,1,1,1,1,1,0.0000,-1.0000,1.1678,0.0000,0.0000,232.4167,205.0165,0.0000,0.0000,0.3809
1788948238059,289,depth,1775762947.104252815,1,0,1,1,1,1,1,1,1,0.0000,-1.0000,4.2032,0.0000,0.0000,372.0051,399.1682,0.0000,0.0000,0.4133
1788948238617,290,depth,1775762947.537776232,1,0,1,1,1,1,1,1,1,0.0000,-1.0000,3.8598,0.0000,0.0000,61.5179,34.3548,0.0000,0.0000,0.3749
1788948238940,291,depth,1775762947.970797062,1,0,1,1,1,1,1,1,1,0.0000,-1.0000,3.7742,0.0000,0.0000,494.5389,467.3758,0.0000,0.0000,0.4242
1788948239331,292,depth,1775762948.404270172,1,0,1,1,1,1,1,1,1,0.0000,-1.0000,4.2388,0.0000,0.0000,64.5867,84.8127,0.0000,0.0000,0.3998
1788948240582,293,depth,1775762948.772356033,1,0,1,1,1,1,1,1,1,0.0000,-1.0000,0.0473,0.0000,0.0000,1126.4712,1158.7864,0.0000,0.0000,0.3674
1788948240622,294,depth,1775762949.137532234,1,0,1,1,1,1,1,1,1,0.0000,-1.0000,1.9892,0.0000,0.0000,761.2952,793.6104,0.0000,0.0000,0.3996
1788948240928,295,depth,1775762949.904274940,1,0,1,1,1,1,1,1,1,0.0000,-1.0000,2.4713,0.0000,0.0000,5.4478,26.8674,0.0000,0.0000,0.3610
1788948241389,296,depth,1775762950.271153212,1,0,1,1,1,1,1,1,1,0.0000,-1.0000,2.9282,0.0000,0.0000,238.6596,254.7723,0.0000,0.0000,0.3954
1788948241867,297,depth,1775762950.737785101,1,0,1,1,1,1,1,1,1,0.0000,-1.0000,4.8087,0.0000,0.0000,227.9724,211.8597,0.0000,0.0000,0.3815
1788948242306,298,depth,1775762951.138772011,1,0,1,1,1,1,1,1,1,0.0000,-1.0000,6.1733,0.0000,0.0000,333.6638,356.2925,0.0000,0.0000,0.3943
1788948242601,299,depth,1775762951.504533052,1,0,1,1,1,1,1,1,1,0.0000,-1.0000,4.7218,0.0000,0.0000,32.0972,9.4685,0.0000,0.0000,0.3836
1788948243061,300,depth,1775762951.904532909,1,0,1,1,1,1,1,1,1,0.0000,-1.0000,0.4782,0.0000,0.0000,432.0972,409.4685,0.0000,0.0000,0.4210
1788948243474,301,depth,1775762952.237782955,1,0,1,1,1,1,1,1,1,0.0000,-1.0000,3.5468,0.0000,0.0000,233.5284,251.1478,0.0000,0.0000,0.3961
1788948243850,302,depth,1775762952.572211027,1,0,1,1,1,1,1,1,1,0.0000,-1.0000,1.3802,0.0000,0.0000,100.8996,83.2802,0.0000,0.0000,0.3790
1788948244294,303,depth,1775762953.004652977,1,0,1,1,1,1,1,1,1,0.0000,-1.0000,4.5282,0.0000,0.0000,533.3416,515.7222,0.0000,0.0000,0.4035
1788948244676,304,depth,1775762953.372197151,1,0,1,1,1,1,1,1,1,0.0000,-1.0000,0.8683,0.0000,0.0000,106.0274,136.1054,0.0000,0.0000,0.3986
1788948245140,305,depth,1775762953.772208214,1,0,1,1,1,1,1,1,1,0.0000,-1.0000,4.4807,0.0000,0.0000,293.9836,263.9056,0.0000,0.0000,0.3965
1788948245445,306,depth,1775762954.105810165,1,0,1,1,1,1,1,1,1,0.0000,-1.0000,0.4287,0.0000,0.0000,372.3104,393.8009,0.0000,0.0000,0.4107
1788948245804,307,depth,1775762954.471276045,1,0,1,1,1,1,1,1,1,0.0000,-1.0000,5.0673,0.0000,0.0000,6.8444,28.3349,0.0000,0.0000,0.4588
1788948246217,308,depth,1775762954.838154078,1,0,1,1,1,1,1,1,1,0.0000,-1.0000,1.8353,0.0000,0.0000,360.0336,338.5431,0.0000,0.0000,0.3818
1788948246673,309,depth,1775762955.171586990,1,0,1,1,1,1,1,1,1,0.0000,-1.0000,5.7183,0.0000,0.0000,309.1634,326.6474,0.0000,0.0000,0.5050
1788948247128,310,depth,1775762955.538038015,1,0,1,1,1,1,1,1,1,0.0000,-1.0000,3.0107,0.0000,0.0000,57.2876,39.8036,0.0000,0.0000,0.4158
1788948247552,311,depth,1775762956.005104065,1,0,1,1,1,1,1,1,1,0.0000,-1.0000,0.1503,0.0000,0.0000,524.3536,506.8696,0.0000,0.0000,0.4643
1788948247980,312,depth,1775762956.438289165,1,0,1,1,1,1,1,1,1,0.0000,-1.0000,2.6847,0.0000,0.0000,30.2504,46.8497,0.0000,0.0000,0.4195
1788948248423,313,depth,1775762956.838156939,1,0,1,1,1,1,1,1,1,0.0000,-1.0000,0.8117,0.0000,0.0000,369.6176,353.0183,0.0000,0.0000,0.3897
1788948248748,314,depth,1775762957.171666145,1,0,1,1,1,1,1,1,1,0.0000,-1.0000,1.7352,0.0000,0.0000,300.9728,324.7118,0.0000,0.0000,0.4131
1788948249163,315,depth,1775762957.538457155,1,0,1,1,1,1,1,1,1,0.0000,-1.0000,0.3758,0.0000,0.0000,65.8182,42.0792,0.0000,0.0000,0.3842
1788948249482,316,depth,1775762957.905433178,1,0,1,1,1,1,1,1,1,0.0000,-1.0000,2.3932,0.0000,0.0000,432.7942,409.0552,0.0000,0.0000,0.3769
1788948249908,317,depth,1775762958.238282919,1,0,1,1,1,1,1,1,1,0.0000,-1.0000,3.8332,0.0000,0.0000,247.3468,276.4460,0.0000,0.0000,0.4055
1788948250347,318,depth,1775762958.638473034,1,0,1,1,1,1,1,0,1,0.0000,-1.0000,1.2457,0.0000,0.0000,152.8432,123.7440,-1.0000,0.0000,0.3718
1788948250751,319,depth,1775762959.038401127,1,0,1,1,1,1,1,0,1,0.0000,-1.0000,1.4527,0.0000,0.0000,552.7712,523.6720,-1.0000,0.0000,0.3839
1788948251460,320,depth,1775762959.673088074,1,0,1,1,1,1,1,0,1,0.0000,-1.0000,2.4232,0.0000,0.0000,201.0087,152.3836,-1.0000,0.0000,0.3870
1788948251775,321,depth,1775762960.105154037,1,0,1,1,1,1,1,0,1,0.0000,-1.0000,3.4147,0.0000,0.0000,633.0747,584.4496,-1.0000,0.0000,0.3881
1788948252246,322,depth,1775762960.505863905,1,0,1,1,1,1,1,0,1,0.0000,-1.0000,2.8397,0.0000,0.0000,28.3922,11.5352,-1.0000,0.0000,0.4209
1788948252980,323,depth,1775762961.205163956,1,0,1,1,1,1,1,1,1,0.0000,-1.0000,5.0878,0.0000,0.0000,264.1008,285.1932,0.0000,0.0000,0.3871
1788948253274,324,depth,1775762961.572026014,1,0,1,1,1,1,1,1,1,0.0000,-1.0000,5.3927,0.0000,0.0000,102.7612,81.6688,0.0000,0.0000,0.3815
1788948253618,325,depth,1775762962.005328178,1,0,1,1,1,1,1,1,1,0.0000,-1.0000,5.1482,0.0000,0.0000,536.0632,514.9708,0.0000,0.0000,0.3567
1788948253826,326,depth,1775762962.372287035,1,0,1,1,1,1,1,1,1,0.0000,-1.0000,4.7283,0.0000,0.0000,99.9783,128.2563,0.0000,0.0000,0.3877
1788948255811,327,depth,1775762962.705404043,1,0,1,1,1,1,1,1,1,0.0000,-1.0000,3.5553,0.0000,0.0000,797.3927,818.0178,0.0000,0.0000,0.4193
1788948255869,328,depth,1775762963.139134884,1,0,1,1,1,1,1,1,1,0.0000,-1.0000,3.3687,0.0000,0.0000,363.6617,384.2868,0.0000,0.0000,0.4656
1788948255875,329,depth,1775762963.572038174,1,0,1,1,1,1,1,1,1,0.0000,-1.0000,6.0557,0.0000,0.0000,69.2413,48.6162,0.0000,0.0000,0.4832
1788948255876,330,depth,1775762964.005530119,1,0,1,1,1,1,1,1,1,0.0000,-1.0000,4.5088,0.0000,0.0000,502.7333,482.1082,0.0000,0.0000,0.3750
1788948256135,331,depth,1775762964.372295856,1,0,1,1,1,1,1,1,1,0.0000,-1.0000,24.3223,0.0000,0.0000,111.6456,141.8291,0.0000,0.0000,0.3881
1788948256418,332,depth,1775762964.738916159,1,0,1,1,1,1,1,1,1,0.0000,-1.0000,6.0023,0.0000,0.0000,254.9744,224.7909,0.0000,0.0000,0.3914
1788948256685,333,depth,1775762965.105664015,1,0,1,1,1,1,1,1,1,0.0000,-1.0000,0.4728,0.0000,0.0000,364.1855,387.5762,0.0000,0.0000,0.4278
1788948257524,334,depth,1775762965.507490158,1,0,1,1,1,1,1,1,1,0.0000,-1.0000,0.3687,0.0000,0.0000,37.6405,14.2498,0.0000,0.0000,0.3945
1788948257953,335,depth,1775762965.939038992,1,0,1,1,1,1,1,1,1,0.0000,-1.0000,3.1878,0.0000,0.0000,469.1895,445.7988,0.0000,0.0000,0.3913
1788948258377,336,depth,1775762966.405539989,1,0,1,1,1,1,1,1,1,0.0000,-1.0000,3.8887,0.0000,0.0000,65.9635,93.1436,0.0000,0.0000,0.4253
1788948258721,337,depth,1775762966.839046240,1,0,1,1,1,1,1,1,1,0.0000,-1.0000,0.9077,0.0000,0.0000,367.5425,340.3624,0.0000,0.0000,0.4245
1788948259199,338,depth,1775762967.206843138,1,0,1,1,1,1,1,1,1,0.0000,-1.0000,2.8557,0.0000,0.0000,318.8177,356.0962,0.0000,0.0000,0.4334
1788948259474,339,depth,1775762967.572413921,1,0,1,1,1,1,1,1,1,0.0000,-1.0000,4.4972,0.0000,0.0000,46.7533,9.4748,0.0000,0.0000,0.3705
1788948259763,340,depth,1775762967.972530127,1,0,1,1,1,1,1,1,1,0.0000,-1.0000,4.5162,0.0000,0.0000,446.8693,409.5908,0.0000,0.0000,0.3918
1788948260041,341,depth,1775762968.339041948,1,0,1,1,1,1,1,1,1,0.0000,-1.0000,2.3808,0.0000,0.0000,169.8749,214.1496,0.0000,0.0000,0.4140
1788948260749,342,depth,1775762968.741839170,1,0,1,1,1,1,1,1,1,0.0000,-1.0000,0.0222,0.0000,0.0000,232.9221,188.6474,0.0000,0.0000,0.4218
1788948261112,343,depth,1775762969.172538042,1,0,1,1,1,1,1,1,1,0.0000,-1.0000,0.1518,0.0000,0.0000,365.9971,382.1152,0.0000,0.0000,0.4346
1788948261365,344,depth,1775762969.539197922,1,0,1,1,1,1,1,0,1,0.0000,-1.0000,0.4007,0.0000,0.0000,0.6629,15.4552,-1.0000,0.0000,0.3880
1788948261927,345,depth,1775762969.939203024,1,0,1,1,1,1,1,0,1,0.0000,-1.0000,3.0632,0.0000,0.0000,400.6679,384.5498,-1.0000,0.0000,0.3910
1788948262278,346,depth,1775762970.306411028,1,0,1,1,1,1,1,0,1,0.0000,-1.0000,0.5352,0.0000,0.0000,179.8022,217.4015,-1.0000,0.0000,0.4089
1788948262543,347,depth,1775762970.673670053,1,0,1,1,1,1,1,0,1,0.0000,-1.0000,2.0438,0.0000,201.0100,187.4568,149.8575,-1.0000,0.0000,0.3655
1788948263135,348,depth,1775762971.039288044,1,0,1,1,1,1,1,0,1,0.0000,-1.0000,4.6157,0.0000,0.0000,553.0748,515.4755,-1.0000,0.0000,0.4235
1788948263474,349,depth,1775762971.541223049,1,0,1,1,1,1,1,0,1,0.0000,-1.0000,1.5832,0.0000,0.0000,63.8534,47.2023,-1.0000,0.0000,0.3922
1788948264326,350,depth,1775762972.206159115,1,0,1,1,1,1,1,0,1,0.0000,-1.0000,4.9028,0.0000,0.0000,312.5087,330.6914,-1.0000,0.0000,0.4152
1788948264587,351,depth,1775762972.639528990,1,0,1,1,1,1,1,0,1,0.0000,-1.0000,10.2803,0.0000,0.0000,120.8613,102.6786,-1.0000,0.0000,0.4039
1788948265457,352,depth,1775762973.006162882,1,0,1,1,1,1,1,1,1,0.0000,-1.0000,0.4282,0.0000,0.0000,509.7123,553.7718,0.0000,0.0000,0.4596
1788948265463,353,depth,1775762973.406289101,1,0,1,1,1,1,1,1,1,0.0000,-1.0000,12.2253,0.0000,0.0000,109.5863,153.6458,0.0000,0.0000,0.3967
1788948266096,354,depth,1775762973.906321049,1,0,1,1,1,1,1,1,1,0.0000,-1.0000,3.1048,0.0000,0.0000,390.4457,346.3862,0.0000,0.0000,0.3991
1788948266465,355,depth,1775762974.306443930,1,0,1,1,1,1,1,1,1,0.0000,-1.0000,4.9072,0.0000,164.1650,181.5990,198.1310,0.0000,0.0000,0.3627
1788948266919,356,depth,1775762974.706295967,1,0,1,1,1,1,1,1,1,0.0000,-1.0000,3.0502,0.0000,0.0000,218.2530,201.7210,0.0000,0.0000,0.3966
1788948267270,357,depth,1775762975.073044062,1,0,1,1,1,1,1,1,1,0.0000,-1.0000,1.1928,0.0000,0.0000,397.3201,428.1343,0.0000,0.0000,0.3701
1788948268525,358,depth,1775762975.506435156,1,0,1,1,1,1,1,1,1,0.0000,-1.0000,1.0988,0.0000,0.0000,962.1081,991.0164,0.0000,0.0000,0.5746
1788948268531,359,depth,1775762975.873168230,1,0,1,1,1,1,1,1,1,0.0000,-1.0000,5.3268,0.0000,0.0000,595.3751,624.2834,0.0000,0.0000,0.4089
1788948268533,360,depth,1775762976.239789009,1,0,1,1,1,1,1,1,1,0.0000,-1.0000,5.7672,0.0000,0.0000,228.7541,257.6624,0.0000,0.0000,0.4897
1788948268833,361,depth,1775762976.673015118,1,0,1,1,1,1,1,1,1,0.0000,-1.0000,0.9562,0.0000,0.0000,204.4719,175.5636,0.0000,0.0000,0.4643
1788948269308,362,depth,1775762977.073169231,1,0,1,1,1,1,1,1,1,0.0000,-1.0000,3.8672,0.0000,0.0000,392.3136,419.2883,0.0000,0.0000,0.4010
1788948269672,363,depth,1775762977.473172903,1,0,1,1,1,1,1,1,1,0.0000,-1.0000,1.0268,0.0000,0.0000,7.6904,19.2843,0.0000,0.0000,0.4221
1788948270484,364,depth,1775762977.906538963,1,0,1,1,1,1,1,1,1,0.0000,-1.0000,8.9328,0.0000,0.0000,562.8906,588.0916,0.0000,0.0000,0.4081
1788948270489,365,depth,1775762978.306662083,1,0,1,1,1,1,1,1,1,0.0000,-1.0000,3.8558,0.0000,0.0000,162.7676,187.9686,0.0000,0.0000,0.4072
1788948270992,366,depth,1775762978.740039825,1,0,1,1,1,1,1,1,1,0.0000,-1.0000,1.6438,0.0000,0.0000,270.6104,245.4094,0.0000,0.0000,0.4122
1788948271370,367,depth,1775762979.139930010,1,0,1,1,1,1,1,1,1,0.0000,-1.0000,1.3988,0.0000,0.0000,324.0089,349.2731,0.0000,0.0000,0.3939
1788948271638,368,depth,1775762979.574235201,1,0,1,1,1,1,1,1,1,0.0000,-1.0000,2.6463,0.0000,0.0000,110.2961,85.0319,0.0000,0.0000,0.4024
1788948272422,369,depth,1775762980.008033991,1,0,1,1,1,1,1,1,1,0.0000,-1.0000,3.3878,0.0000,0.0000,460.5772,479.1407,0.0000,0.0000,0.3880
1788948272429,370,depth,1775762980.406804085,1,0,1,1,1,1,1,1,1,0.0000,-1.0000,3.0422,0.0000,0.0000,61.8072,80.3707,0.0000,0.0000,0.3556
1788948272953,371,depth,1775762980.806788206,1,0,1,1,1,1,1,1,1,0.0000,-1.0000,1.0157,0.0000,0.0000,338.1768,319.6133,0.0000,0.0000,0.4063
1788948273186,372,depth,1775762981.240047216,1,0,1,1,1,1,1,1,1,0.0000,-1.0000,1.2933,0.0000,0.0000,226.1226,251.4975,0.0000,0.0000,0.4133
1788948273457,373,depth,1775762981.640042067,1,0,1,1,1,1,1,1,1,0.0000,-1.0000,0.7583,0.0000,0.0000,173.8724,148.4975,0.0000,0.0000,0.4231
1788948274864,374,depth,1775762982.006799221,1,0,1,1,1,1,1,1,1,0.0000,-1.0000,2.5947,0.0000,0.0000,461.0060,485.6335,0.0000,0.0000,0.4053
1788948274884,375,depth,1775762982.373561144,1,0,1,1,1,1,1,1,1,0.0000,-1.0000,4.1973,0.0000,0.0000,94.2440,118.8715,0.0000,0.0000,0.4166
1788948274885,376,depth,1775762982.740299940,1,0,1,1,1,1,1,1,1,0.0000,-1.0000,1.7087,0.0000,0.0000,272.4950,247.8675,0.0000,0.0000,0.3780
1788948275773,377,depth,1775762983.207046032,1,0,1,1,1,1,1,1,1,0.0000,-1.0000,3.9377,0.0000,0.0000,265.7237,292.1821,0.0000,0.0000,0.3845
1788948275781,378,depth,1775762983.607046127,1,0,1,1,1,1,1,1,1,0.0000,-1.0000,0.6023,0.0000,0.0000,134.2763,107.8179,0.0000,0.0000,0.3720
1788948276022,379,depth,1775762984.041810989,1,0,1,1,1,1,1,1,1,0.0000,-1.0000,6.9523,0.0000,0.0000,422.8732,421.3728,0.0000,0.0000,0.4373
1788948276335,380,depth,1775762984.440685034,1,0,1,1,1,1,1,1,1,0.0000,-1.0000,2.3087,0.0000,0.0000,23.9992,41.9470,0.0000,0.0000,0.5906
1788948277383,381,depth,1775762984.941111088,1,0,1,1,1,1,1,1,1,0.0000,-1.0000,1.2573,0.0000,0.0000,520.8691,538.4858,0.0000,0.0000,0.4929
1788948277870,382,depth,1775762985.773915052,1,0,1,1,1,1,1,1,1,0.0000,-1.0000,5.1163,0.0000,0.0000,311.9349,294.3182,0.0000,0.0000,0.4364
1788948278215,383,depth,1775762986.273926258,1,0,1,1,1,1,1,1,1,0.0000,-1.0000,13.3373,0.0000,0.0000,196.8223,224.2268,0.0000,0.0000,0.4144
1788948278530,384,depth,1775762986.673970222,1,0,1,1,1,1,1,1,1,0.0000,-1.0000,2.3587,0.0000,0.0000,203.2217,175.8172,0.0000,0.0000,0.3750
1788948278869,385,depth,1775762987.107174158,1,0,1,1,1,1,1,1,1,0.0000,-1.0000,2.4303,0.0000,0.0000,354.0859,375.3533,0.0000,0.0000,0.4007
1788948280148,386,depth,1775762987.540565968,1,0,1,1,1,1,1,1,1,0.0000,-1.0000,5.2677,0.0000,0.0000,1030.4581,1053.0384,0.0000,0.0000,0.4681
1788948280155,387,depth,1775762987.974052191,1,0,1,1,1,1,1,1,1,0.0000,-1.0000,0.1967,0.0000,0.0000,596.9721,619.5524,0.0000,0.0000,0.4152
1788948280156,388,depth,1775762988.373914003,1,0,1,1,1,1,1,1,1,0.0000,-1.0000,5.9347,0.0000,0.0000,197.1101,219.6904,0.0000,0.0000,0.3617
1788948280415,389,depth,1775762988.807987928,1,0,1,1,1,1,1,1,1,0.0000,-1.0000,2.2593,0.0000,0.0000,236.9639,214.3836,0.0000,0.0000,0.4156
1788948281007,390,depth,1775762989.207302094,1,0,1,1,1,1,1,1,0,0.0000,-1.0000,4.0267,0.0000,0.0000,263.3608,309.2943,0.0000,-1.0000,0.6739
1788948281636,391,depth,1775762989.740679264,1,0,1,1,1,1,1,1,1,0.0000,-1.0000,0.4647,0.0000,0.0000,270.0162,224.0827,0.0000,533.3770,0.4183
1788948281876,392,depth,1775762990.207437992,1,0,1,1,1,1,1,1,1,0.0000,-1.0000,22.9607,0.0000,0.0000,254.5673,269.0628,0.0000,0.0000,0.4074
1788948282054,393,depth,1775762990.607545137,1,0,1,1,1,1,1,1,1,0.0000,-1.0000,1.9813,0.0000,0.0000,145.5397,131.0442,0.0000,0.0000,0.3947
1788948282706,394,depth,1775762991.007676125,1,0,1,1,1,1,1,1,1,0.0000,-1.0000,3.0877,0.0000,0.0000,545.6707,531.1752,0.0000,0.0000,0.4099
1788948283000,395,depth,1775762991.407685041,1,0,1,1,1,1,1,1,1,0.0000,-1.0000,1.8513,0.0000,0.0000,63.6120,85.3306,0.0000,0.0000,0.3808
1788948283265,396,depth,1775762991.841043949,1,0,1,1,1,1,1,1,1,0.0000,-1.0000,0.3797,0.0000,0.0000,369.7470,348.0284,0.0000,0.0000,0.4258
1788948283846,397,depth,1775762992.207708120,1,0,1,1,1,1,1,1,1,0.0000,-1.0000,3.4607,0.0000,0.0000,284.2706,310.5368,0.0000,0.0000,0.4426
1788948284131,398,depth,1775762992.607802153,1,0,1,1,1,1,1,1,1,0.0000,-1.0000,0.9692,0.0000,0.0000,115.8234,89.5572,0.0000,0.0000,0.4085
1788948284784,399,depth,1775762993.007431269,1,0,1,1,1,1,1,1,1,0.0000,-1.0000,1.4752,0.0000,0.0000,457.2062,477.8873,0.0000,0.0000,0.4157
1788948285083,400,depth,1775762993.507738113,1,0,1,1,1,1,1,1,1,0.0000,-1.0000,2.6032,0.0000,0.0000,43.1008,22.4197,0.0000,0.0000,0.4081
1788948285422,401,depth,1775762993.907795906,1,0,1,1,1,1,1,1,1,0.0000,-1.0000,5.2127,0.0000,0.0000,443.1588,422.4777,0.0000,0.0000,0.4604
1788948285841,402,depth,1775762994.274549007,1,0,1,1,1,1,1,1,1,0.0000,-1.0000,5.6722,0.0000,0.0000,194.1974,215.2710,0.0000,0.0000,0.4183
1788948286097,403,depth,1775762994.641047001,1,0,1,1,1,1,1,1,1,0.0000,-1.0000,6.2758,0.0000,0.0000,172.3006,151.2270,0.0000,0.0000,0.4000
1788948286345,404,depth,1775762995.041297197,1,0,1,1,1,1,1,1,1,0.0000,-1.0000,3.8583,0.0000,0.0000,572.5506,551.4770,0.0000,0.0000,0.3824
1788948287221,405,depth,1775762995.407795906,1,0,1,1,1,1,1,1,1,0.0000,-1.0000,4.4527,0.0000,0.0000,55.7355,70.6529,0.0000,0.0000,0.4356
1788948288082,406,depth,1775762995.775358915,1,0,1,1,1,1,1,1,1,0.0000,-1.0000,0.9628,0.0000,0.0000,692.5384,710.4601,0.0000,0.0000,0.4416
1788948288603,407,depth,1775762996.841614008,1,0,1,1,1,1,1,1,1,0.0000,-1.0000,3.5678,0.0000,0.0000,373.7166,355.7949,0.0000,0.0000,0.3958
1788948288831,408,depth,1775762997.174807072,1,0,1,1,1,1,1,1,1,0.0000,-1.0000,2.4708,0.0000,0.0000,292.8502,308.6713,0.0000,0.0000,0.3864
1788948289168,409,depth,1775762997.574674845,1,0,1,1,1,1,1,1,1,0.0000,-1.0000,2.8612,0.0000,0.0000,107.0178,91.1967,0.0000,0.0000,0.4119
1788948289496,410,depth,1775762997.908205986,1,0,1,1,1,1,1,1,1,0.0000,-1.0000,1.4448,0.0000,0.0000,440.5488,424.7277,0.0000,0.0000,0.4219
1788948289804,411,depth,1775762998.274798155,1,0,1,1,1,1,1,1,1,0.0000,-1.0000,0.8243,0.0000,0.0000,189.8787,206.8732,0.0000,0.0000,0.4246
1788948290660,412,depth,1775762998.641443014,1,0,1,1,1,1,1,1,1,0.0000,-1.0000,0.2568,0.0000,0.0000,176.7663,159.7718,0.0000,0.0000,0.4075
1788948291776,413,depth,1775762999.774806023,1,0,1,1,1,1,1,1,1,0.0000,-1.0000,1.5923,0.0000,0.0000,299.1876,265.5167,0.0000,0.0000,0.4103
1788948292629,414,depth,1775763000.141690016,1,0,1,1,1,1,1,1,1,0.0000,-1.0000,3.7963,0.0000,66.7510,327.0786,350.2157,0.0000,0.0000,0.4162
1788948292644,415,depth,1775763000.508174181,1,0,1,1,1,1,1,1,1,0.0000,-1.0000,5.6003,0.0000,0.0000,39.4054,16.2683,0.0000,0.0000,0.4495
1788948292992,416,depth,1775763000.942139149,1,0,1,1,1,1,1,1,1,0.0000,-1.0000,1.1278,0.0000,0.0000,473.3704,450.2333,0.0000,0.0000,0.3846
1788948293376,417,depth,1775763001.274927139,1,0,1,1,1,1,1,1,1,0.0000,-1.0000,0.7042,0.0000,0.0000,202.8383,236.4145,0.0000,0.0000,0.4494
1788948293763,418,depth,1775763001.641803980,1,0,1,1,1,1,1,1,1,0.0000,-1.0000,3.6678,0.0000,0.0000,164.0387,130.4625,0.0000,0.0000,0.4103
1788948294170,419,depth,1775763002.008305073,0,0,1,1,1,1,1,1,0,-1.0000,-1.0000,2.5938,0.0000,0.0000,530.5397,496.9635,0.0000,-1.0000,0.4200
1788948294463,420,depth,1775763002.341686010,0,0,1,1,1,1,1,1,0,-1.0000,-1.0000,1.1802,0.0000,0.0000,131.9584,154.2502,0.0000,-1.0000,0.6898
1788948294712,421,depth,1775763002.708172083,0,0,1,1,1,1,1,1,0,-1.0000,-1.0000,2.2692,0.0000,0.0000,234.5276,212.2358,0.0000,-1.0000,0.4106
1788948295117,422,depth,1775763003.142085075,0,0,1,1,1,1,1,1,0,-1.0000,-1.0000,4.3762,0.0000,0.0000,333.3359,353.6284,0.0000,-1.0000,0.4542
1788948295861,423,depth,1775763003.508432150,1,0,1,1,1,1,1,1,1,0.0000,-1.0000,0.5342,0.0000,0.0000,33.0111,12.7186,0.0000,800.2600,0.4169
1788948296763,424,depth,1775763004.341814995,1,0,1,1,1,1,1,1,1,0.0000,-1.0000,0.7862,0.0000,0.0000,132.4799,156.2270,0.0000,0.0000,0.5271
1788948297034,425,depth,1775763004.708683968,1,0,1,1,1,1,1,1,0,0.0000,-1.0000,3.6622,0.0000,0.0000,234.3891,210.6420,0.0000,-1.0000,0.4552
1788948298122,426,depth,1775763005.108685970,0,0,1,1,1,1,1,1,0,-1.0000,-1.0000,1.2698,0.0000,0.0000,1363.0699,1384.6844,0.0000,-1.0000,0.4430
1788948298124,427,depth,1775763005.442045927,0,0,1,1,1,1,1,1,0,-1.0000,-1.0000,2.1927,0.0000,0.0000,1029.7099,1051.3244,0.0000,-1.0000,0.3847
1788948298132,428,depth,1775763005.875307083,0,0,1,1,1,1,1,1,0,-1.0000,-1.0000,3.0758,0.0000,0.0000,596.4489,618.0634,0.0000,-1.0000,0.4800
1788948298268,429,depth,1775763006.242171049,0,0,1,1,1,1,1,1,0,-1.0000,-1.0000,2.7273,0.0000,0.0000,229.5849,251.1994,0.0000,-1.0000,0.4066
1788948298715,430,depth,1775763006.642279863,1,0,1,1,1,1,1,1,1,400.1090,-1.0000,0.1688,0.0000,0.0000,170.5241,148.9096,0.0000,400.1090,0.4282
1788948299118,431,depth,1775763007.042276144,1,0,1,1,1,1,1,1,0,0.0000,-1.0000,10.1002,0.0000,0.0000,570.5201,423.5726,0.0000,-1.0000,0.4632
1788948299373,432,depth,1775763007.508795023,1,0,1,1,1,1,1,1,0,0.0000,-1.0000,4.7187,0.0000,0.0000,41.6615,20.6596,0.0000,-1.0000,0.4308
1788948303554,433,depth,1775763008.275678873,1,0,1,1,1,1,1,1,1,0.0000,-1.0000,4.2003,0.0000,0.0000,3198.4681,3224.3013,0.0000,0.0000,0.4687
1788948303577,434,depth,1775763008.642196894,1,0,1,1,1,1,1,1,1,0.0000,-1.0000,0.6083,0.0000,0.0000,2831.9501,2857.7833,0.0000,0.0000,0.4909
1788948303585,435,depth,1775763009.042300224,1,0,1,1,1,1,1,1,1,0.0000,-1.0000,4.8887,0.0000,0.0000,2431.8471,2457.6803,0.0000,0.0000,0.6906
1788948303586,436,depth,1775763009.408924103,1,0,1,1,1,1,1,1,1,0.0000,-1.0000,5.8397,0.0000,0.0000,2065.2231,2091.0563,0.0000,0.0000,0.4679
1788948303601,437,depth,1775763009.842424154,1,0,1,1,1,1,1,1,1,401.8830,-1.0000,0.7547,0.0000,0.0000,1631.7231,1657.5563,0.0000,0.0000,0.4104
1788948303611,438,depth,1775763010.244307041,0,0,1,1,1,1,1,1,1,-1.0000,-1.0000,0.5983,0.0000,0.0000,1229.8401,1255.6733,0.0000,0.0000,0.4536
1788948303617,439,depth,1775763010.609183073,0,0,1,1,1,1,1,1,1,-1.0000,-1.0000,2.9693,0.0000,0.0000,864.9641,890.7973,0.0000,0.0000,0.4316
1788948303626,440,depth,1775763011.009062052,0,0,1,1,1,1,1,1,1,-1.0000,-1.0000,10.0342,0.0000,0.0000,465.0851,490.9183,0.0000,0.0000,0.7473
1788948303627,441,depth,1775763011.409180164,0,0,1,1,1,1,1,1,0,-1.0000,-1.0000,0.0788,0.0000,0.0000,64.9671,90.8003,0.0000,-1.0000,0.4369
1788948303957,442,depth,1775763011.809031248,0,0,1,1,1,1,1,1,0,-1.0000,-1.0000,0.2052,0.0000,0.0000,334.8839,309.0507,0.0000,-1.0000,0.4687
1788948304939,443,depth,1775763012.176082134,0,0,1,1,1,1,1,1,0,-1.0000,-1.0000,0.3667,0.0000,0.0000,304.8133,321.7212,0.0000,-1.0000,0.4533
1788948304956,444,depth,1775763012.542686939,0,0,1,1,1,1,1,1,0,-1.0000,-1.0000,1.5583,0.0000,0.0000,61.7917,44.8838,0.0000,-1.0000,0.4624
1788948305599,445,depth,1775763013.042940140,1,0,1,1,1,1,1,1,1,0.0000,-1.0000,2.1562,0.0000,0.0000,423.7422,422.4071,0.0000,0.0000,0.4225
1788948305993,446,depth,1775763013.509190083,1,0,1,1,1,1,1,1,1,0.0000,-1.0000,0.6463,0.0000,0.0000,42.5078,24.4178,0.0000,0.0000,0.4179
1788948306263,447,depth,1775763013.909436941,1,0,1,1,1,1,1,1,1,0.0000,-1.0000,1.7742,0.0000,0.0000,442.7548,424.6648,0.0000,0.0000,0.4534
1788948306612,448,depth,1775763014.275937080,0,0,1,1,1,1,1,1,1,-1.0000,-1.0000,5.0192,0.0000,0.0000,198.6695,216.4915,0.0000,0.0000,0.4399
1788948306892,449,depth,1775763014.676178932,0,0,1,1,1,1,1,1,1,-1.0000,-1.0000,4.9122,0.0000,0.0000,201.5725,183.7505,0.0000,0.0000,0.4643
1788948307141,450,depth,1775763015.042800188,0,0,1,1,1,1,1,1,0,-1.0000,-1.0000,2.0938,0.0000,0.0000,568.1935,550.3715,0.0000,-1.0000,0.4383
1788948310706,451,depth,1775763015.509589911,1,0,1,1,1,1,1,1,1,0.0000,-1.0000,0.3713,0.0000,0.0000,2955.3769,2977.3499,0.0000,0.0000,0.5768
1788948310720,452,depth,1775763015.909554243,1,0,1,1,1,1,1,1,1,0.0000,-1.0000,0.2003,0.0000,0.0000,2555.4129,2577.3859,0.0000,0.0000,0.5029
1788948310726,453,depth,1775763016.409555912,0,0,1,1,1,1,1,1,0,-1.0000,-1.0000,3.7652,0.0000,0.0000,2055.4109,2077.3839,0.0000,-1.0000,0.4280
1788948310727,454,depth,1775763016.809566975,0,0,1,1,1,1,1,1,0,-1.0000,-1.0000,1.1758,0.0000,0.0000,1655.3999,1677.3729,0.0000,-1.0000,0.3836
1788948310736,455,depth,1775763017.176244974,0,0,1,1,1,1,1,1,0,-1.0000,-1.0000,57.6062,0.0000,0.0000,1288.7219,1310.6949,0.0000,-1.0000,0.3618
1788948310764,456,depth,1775763017.509567022,0,0,1,1,1,1,1,1,0,-1.0000,-1.0000,0.4442,0.0000,0.0000,955.3999,977.3729,0.0000,-1.0000,0.4060
1788948310781,457,depth,1775763017.909559965,0,0,1,1,1,1,1,1,0,-1.0000,-1.0000,4.0888,0.0000,0.0000,555.4069,577.3799,0.0000,-1.0000,0.4996
1788948310877,458,depth,1775763018.676453114,1,0,1,1,1,1,1,1,0,400.0160,-1.0000,2.8768,0.0000,0.0000,211.4861,189.5131,0.0000,-1.0000,0.4358
1788948311671,459,depth,1775763019.076314211,1,0,1,1,1,1,1,1,1,0.0000,-1.0000,0.3272,0.0000,0.0000,391.1125,389.8276,0.0000,0.0000,0.4414
1788948312456,460,depth,1775763019.443181038,0,0,1,1,1,1,1,1,1,-1.0000,-1.0000,4.0348,0.0000,0.0000,24.2455,39.9349,0.0000,766.7280,0.4419
1788948312729,461,depth,1775763020.309998035,0,0,1,1,1,1,1,1,0,-1.0000,-1.0000,1.1882,0.0000,0.0000,155.8102,183.6823,0.0000,-1.0000,0.4152
1788948313212,462,depth,1775763021.043339968,0,0,1,1,1,1,1,1,0,-1.0000,-1.0000,4.9569,0.0000,0.0000,577.5318,549.6597,0.0000,-1.0000,0.4328
1788948313733,463,depth,1775763021.409809113,0,0,1,1,1,1,1,1,0,-1.0000,-1.0000,3.3841,0.0000,0.0000,55.1755,77.6430,0.0000,-1.0000,0.4375
1788948314028,464,depth,1775763021.843351126,1,0,1,1,1,1,1,1,0,433.5420,-1.0000,2.8996,0.0000,0.0000,378.3665,355.8990,0.0000,-1.0000,0.4392
1788948316489,465,depth,1775763022.212838173,1,0,1,1,1,1,1,1,1,0.0000,-1.0000,1.9074,0.0000,0.0000,2259.9816,2284.1219,0.0000,0.0000,0.5282
1788948316492,466,depth,1775763022.743839025,1,0,1,1,1,1,1,1,1,0.0000,-1.0000,26.7741,0.0000,0.0000,1728.9806,1753.1209,0.0000,0.0000,0.5942
1788948316562,467,depth,1775763023.143550873,1,0,1,1,1,1,1,1,1,0.0000,-1.0000,0.6604,0.0000,0.0000,1329.2686,1353.4089,0.0000,0.0000,0.4606
1788948316580,468,depth,1775763023.577055931,0,0,1,1,1,1,1,1,0,-1.0000,-1.0000,1.4246,0.0000,0.0000,895.7636,919.9039,0.0000,-1.0000,0.7752
1788948316588,469,depth,1775763023.943566084,0,0,1,1,1,1,1,1,0,-1.0000,-1.0000,0.4054,0.0000,0.0000,529.2536,553.3939,0.0000,-1.0000,0.4454
1788948316595,470,depth,1775763024.310230970,0,0,1,1,1,1,1,1,0,-1.0000,-1.0000,2.1779,0.0000,0.0000,162.5886,186.7289,0.0000,-1.0000,0.4345
1788948316668,471,depth,1775763024.676935911,1,0,1,1,1,1,1,1,0,366.7050,-1.0000,3.7621,0.0000,0.0000,204.1164,179.9761,0.0000,-1.0000,0.7316
1788948317097,472,depth,1775763025.076828241,1,0,1,1,1,1,1,1,1,0.0000,-1.0000,3.2049,0.0000,0.0000,408.2867,406.5170,0.0000,399.8920,0.4041
1788948317359,473,depth,1775763025.510258198,1,0,1,1,1,1,1,1,0,0.0000,-1.0000,1.9201,0.0000,0.0000,25.1433,1.0813,0.0000,-1.0000,0.4401
1788948317567,474,depth,1775763025.843696117,0,0,1,1,1,1,1,1,0,-1.0000,-1.0000,4.5029,0.0000,0.0000,358.5813,334.5193,0.0000,-1.0000,0.4451
1788948319325,475,depth,1775763026.177062035,0,0,1,1,1,1,1,1,0,-1.0000,-1.0000,4.3561,0.0000,0.0000,1292.1645,1314.2338,0.0000,-1.0000,0.4601
1788948319330,476,depth,1775763026.543710947,0,0,1,1,1,1,1,1,0,-1.0000,-1.0000,5.2821,0.0000,0.0000,925.5155,947.5848,0.0000,-1.0000,0.4537
1788948319339,477,depth,1775763026.877063274,0,0,1,1,1,1,1,1,0,-1.0000,-1.0000,6.1249,0.0000,0.0000,592.1635,614.2328,0.0000,-1.0000,0.4870
1788948319347,478,depth,1775763027.210452080,0,0,1,1,1,1,1,1,0,-1.0000,-1.0000,2.3589,0.0000,0.0000,258.7745,280.8438,0.0000,-1.0000,0.4364
1788948322758,479,depth,1775763027.547693014,1,0,1,1,1,1,1,1,1,337.2410,-1.0000,12.5924,0.0000,0.0000,3000.3595,3026.5792,0.0000,0.0000,0.5988
1788948322766,480,depth,1775763027.943813086,1,0,1,1,1,1,1,1,1,0.0000,-1.0000,1.5526,0.0000,0.0000,2604.2395,2630.4592,0.0000,0.0000,0.6209
1788948322773,481,depth,1775763028.277072191,1,0,1,1,1,1,1,1,1,0.0000,-1.0000,5.0139,0.0000,0.0000,2270.9805,2297.2002,0.0000,0.0000,0.8032
1788948322781,482,depth,1775763028.978824854,1,0,1,1,1,1,1,1,1,368.2580,-1.0000,4.8656,0.0000,0.0000,1569.2275,1595.4472,0.0000,0.0000,0.4610
1788948322796,483,depth,1775763029.310449123,0,0,1,1,1,1,1,1,1,-1.0000,-1.0000,2.5984,0.0000,0.0000,1237.6035,1263.8232,0.0000,699.8820,0.4702
1788948322804,484,depth,1775763029.610570908,0,0,1,1,1,1,1,1,0,-1.0000,-1.0000,3.8854,0.0000,0.0000,937.4815,963.7012,0.0000,-1.0000,0.4499
1788948322812,485,depth,1775763029.943944931,0,0,1,1,1,1,1,1,0,-1.0000,-1.0000,15.6319,0.0000,0.0000,604.1075,630.3272,0.0000,-1.0000,0.4437
1788948322813,486,depth,1775763030.277319193,0,0,1,1,1,1,1,1,0,-1.0000,-1.0000,3.0116,0.0000,0.0000,270.7335,296.9532,0.0000,-1.0000,0.5253
1788948325855,487,depth,1775763030.610688925,1,0,1,1,1,1,1,1,1,333.3700,-1.0000,1.1334,0.0000,0.0000,1888.0178,1908.2613,0.0000,0.0000,0.4751
1788948325863,488,depth,1775763031.011847973,1,0,1,1,1,1,1,1,1,0.0000,-1.0000,0.3751,0.0000,0.0000,1486.8588,1507.1023,0.0000,0.0000,0.4420
1788948325870,489,depth,1775763031.310690165,1,0,1,1,1,1,1,1,1,0.0000,-1.0000,0.3681,0.0000,0.0000,1188.0168,1208.2603,0.0000,0.0000,0.4419
1788948325882,490,depth,1775763031.610812902,1,0,1,1,1,1,1,1,1,0.0000,-1.0000,0.9199,0.0000,165.7000,887.8938,908.1373,0.0000,0.0000,0.4522
1788948325890,491,depth,1775763031.878221035,0,0,1,1,1,1,1,1,0,-1.0000,-1.0000,4.9479,0.0000,0.0000,620.4858,640.7293,0.0000,-1.0000,0.4693
1788948325898,492,depth,1775763032.177441120,0,0,1,1,1,1,1,1,0,-1.0000,-1.0000,2.2646,0.0000,0.0000,321.2658,341.5093,0.0000,-1.0000,0.4321
1788948325905,493,depth,1775763032.510710955,0,0,1,1,1,1,1,1,0,-1.0000,-1.0000,4.3129,0.0000,0.0000,12.0042,8.2393,0.0000,-1.0000,0.4239
1788948325922,494,depth,1775763032.810819149,0,0,1,1,1,1,1,1,0,-1.0000,-1.0000,4.5441,0.0000,0.0000,312.1122,291.8687,0.0000,-1.0000,0.4417
1788948325923,495,depth,1775763033.111221075,0,0,1,1,1,1,1,1,0,-1.0000,-1.0000,0.4446,0.0000,168.3940,612.5142,592.2707,0.0000,-1.0000,0.3932
1788948325929,496,depth,1775763033.410565138,0,0,1,1,1,1,1,1,0,-1.0000,-1.0000,0.0644,0.0000,0.0000,911.8582,891.6147,0.0000,-1.0000,0.4495
1788948326382,497,depth,1775763033.742978096,1,0,1,1,1,1,1,1,0,332.4130,-1.0000,0.7199,0.0000,0.0000,1244.2712,1224.0277,0.0000,-1.0000,0.5325
1788948327059,498,depth,1775763034.111842155,1,0,1,1,1,1,1,1,1,0.0000,-1.0000,2.6936,0.0000,0.0000,352.0477,173.5722,0.0000,0.0000,0.5068
1788948327561,499,depth,1775763034.444326162,0,0,1,1,1,1,1,1,1,-1.0000,-1.0000,2.1521,0.0000,0.0000,19.5637,33.8109,0.0000,0.0000,0.4726
1788948327817,500,depth,1775763034.777724266,0,0,1,1,1,1,1,1,1,-1.0000,-1.0000,3.3741,0.0000,0.0000,313.8343,299.5871,0.0000,0.0000,0.4439
1788948328155,501,depth,1775763035.177691221,0,0,1,1,1,1,1,1,1,-1.0000,-1.0000,47.0321,0.0000,0.0000,713.8013,699.5541,0.0000,0.0000,0.4936
1788948328402,502,depth,1775763035.544079065,0,0,1,1,1,1,1,1,1,-1.0000,-1.0000,2.4809,0.0000,0.0000,53.8127,75.4717,0.0000,0.0000,0.4505
1788948328695,503,depth,1775763035.877825975,0,0,1,1,1,1,1,1,0,-1.0000,-1.0000,0.9271,0.0000,0.0000,279.9343,258.2753,0.0000,-1.0000,0.4541
1788948328979,504,depth,1775763036.211189985,0,0,1,1,1,1,1,1,0,-1.0000,-1.0000,4.7181,0.0000,0.0000,613.2983,591.6393,0.0000,-1.0000,0.4531
1788948329609,505,depth,1775763036.577825069,0,0,1,1,1,1,1,1,0,-1.0000,-1.0000,3.1231,0.0000,0.0000,491.5866,511.5515,0.0000,-1.0000,0.5422
1788948329767,506,depth,1775763036.877831221,1,0,1,1,1,1,1,1,0,0.0000,-1.0000,4.7821,0.0000,0.0000,191.5806,211.5455,0.0000,-1.0000,0.4732
1788948330521,507,depth,1775763037.211072922,1,0,1,1,1,1,1,1,1,0.0000,-1.0000,3.9799,0.0000,0.0000,259.1052,279.7911,0.0000,0.0000,0.8569
1788948330746,508,depth,1775763037.545219183,1,0,1,1,1,1,1,1,1,0.0000,-1.0000,0.9709,0.0000,0.0000,75.0408,54.3549,0.0000,0.0000,0.4795
1788948332674,509,depth,1775763037.879460096,1,0,1,1,1,1,1,1,1,0.0000,-1.0000,3.4044,0.0000,0.0000,1585.3250,1606.2217,0.0000,0.0000,0.5974
1788948332687,510,depth,1775763038.211328030,1,0,1,1,1,1,1,1,0,0.0000,-1.0000,0.9824,0.0000,0.0000,1253.4570,1274.3537,0.0000,-1.0000,0.4647
1788948332694,511,depth,1775763038.577816010,1,0,1,1,1,1,1,1,0,0.0000,-1.0000,2.7904,0.0000,0.0000,886.9690,907.8657,0.0000,-1.0000,0.5212
1788948332703,512,depth,1775763038.846842051,1,0,1,1,1,1,1,1,0,0.0000,-1.0000,3.3714,0.0000,0.0000,617.9430,638.8397,0.0000,-1.0000,0.4476
1788948332710,513,depth,1775763039.311195135,1,0,1,1,1,1,1,1,0,0.0000,-1.0000,0.7881,0.0000,0.0000,153.5900,174.4867,0.0000,-1.0000,0.7066
1788948332712,514,depth,1775763039.611452818,1,0,1,1,1,1,1,1,0,0.0000,-1.0000,4.4301,0.0000,0.0000,146.6680,125.7713,0.0000,-1.0000,0.4070
1788948335632,515,depth,1775763039.944694042,1,0,1,1,1,1,1,1,1,0.0000,-1.0000,0.4141,0.0000,0.0000,2525.9043,2545.2464,0.0000,0.0000,0.5019
1788948335638,516,depth,1775763040.311322212,0,0,1,1,1,1,1,1,1,-1.0000,-1.0000,4.0664,0.0000,0.0000,2159.2763,2178.6184,0.0000,0.0000,0.4480
1788948335657,517,depth,1775763040.678199053,0,0,1,1,1,1,1,1,1,-1.0000,-1.0000,1.1984,0.0000,0.0000,1792.3993,1811.7414,0.0000,0.0000,0.4694
1788948335665,518,depth,1775763040.978677988,0,0,1,1,1,1,1,1,1,-1.0000,-1.0000,2.2751,0.0000,0.0000,1491.9203,1511.2624,0.0000,0.0000,0.4659
1788948335674,519,depth,1775763041.344810963,0,0,1,1,1,1,1,1,0,-1.0000,-1.0000,3.7171,0.0000,0.0000,1125.7873,1145.1294,0.0000,-1.0000,0.4293
1788948335680,520,depth,1775763041.678067923,0,0,1,1,1,1,1,1,0,-1.0000,-1.0000,5.0599,0.0000,0.0000,792.5303,811.8724,0.0000,-1.0000,0.4336
1788948335681,521,depth,1775763042.011615038,0,0,1,1,1,1,1,1,0,-1.0000,-1.0000,3.6181,0.0000,0.0000,458.9833,478.3254,0.0000,-1.0000,0.3995
1788948335689,522,depth,1775763042.344925880,0,0,1,1,1,1,1,1,0,-1.0000,-1.0000,2.3921,0.0000,0.0000,125.6723,145.0144,0.0000,-1.0000,0.3806
1788948338907,523,depth,1775763042.711700916,1,0,1,1,1,1,1,1,1,0.0000,-1.0000,20.9371,0.0000,0.0000,2759.0779,2777.3968,0.0000,366.7750,0.4648
1788948338923,524,depth,1775763043.445060015,1,0,1,1,1,1,1,1,1,0.0000,-1.0000,2.6219,0.0000,0.0000,2025.7189,2044.0378,0.0000,0.0000,0.5246
1788948338930,525,depth,1775763043.778322220,1,0,1,1,1,1,1,1,1,0.0000,-1.0000,19.0161,0.0000,133.2400,1692.4569,1710.7758,0.0000,0.0000,0.5228
1788948338938,526,depth,1775763044.177947044,1,0,1,1,1,1,1,1,0,0.0000,-1.0000,0.3589,0.0000,0.0000,1292.8319,1311.1508,0.0000,-1.0000,0.4834
1788948338949,527,depth,1775763044.578454018,1,0,1,1,1,1,1,1,0,0.0000,-1.0000,1.9516,0.0000,0.0000,892.3249,910.6438,0.0000,-1.0000,0.5573
1788948338954,528,depth,1775763044.945209026,0,0,1,1,1,1,1,1,0,-1.0000,-1.0000,2.6559,0.0000,0.0000,525.5699,543.8888,0.0000,-1.0000,0.5076
1788948338964,529,depth,1775763045.311831951,0,0,1,1,1,1,1,1,0,-1.0000,-1.0000,2.9986,0.0000,0.0000,158.9469,177.2658,0.0000,-1.0000,0.4790
1788948338965,530,depth,1775763045.645204067,0,0,1,1,1,1,1,1,0,-1.0000,-1.0000,6.2134,0.0000,0.0000,174.4251,156.1062,0.0000,-1.0000,0.4093
1788948339550,531,depth,1775763046.011943102,1,0,1,1,1,1,1,1,0,0.0000,-1.0000,4.3901,0.0000,0.0000,541.1641,522.8452,0.0000,-1.0000,0.4300
1788948339929,532,depth,1775763046.378439903,1,0,1,1,1,1,1,1,1,0.0000,-1.0000,5.0244,0.0000,0.0000,89.4400,119.4135,0.0000,0.0000,0.4609
1788948340142,533,depth,1775763046.711954832,1,0,1,1,1,1,1,1,1,0.0000,-1.0000,4.2494,0.0000,0.0000,244.0750,214.1015,0.0000,700.0120,0.4769
1788948342047,534,depth,1775763047.078704119,1,0,1,1,1,1,1,1,0,0.0000,-1.0000,3.8116,0.0000,0.0000,1389.5311,1411.9449,0.0000,-1.0000,0.4973
1788948342055,535,depth,1775763047.511962175,1,0,1,1,1,1,1,1,0,0.0000,-1.0000,1.0786,0.0000,0.0000,956.2731,978.6869,0.0000,-1.0000,0.4604
1788948342063,536,depth,1775763047.845330238,1,0,1,1,1,1,1,1,0,0.0000,-1.0000,0.3519,0.0000,0.0000,622.9051,645.3189,0.0000,-1.0000,0.4532
1788948342073,537,depth,1775763048.145468950,1,0,1,1,1,1,1,1,0,0.0000,-1.0000,3.8959,0.0000,0.0000,322.7661,345.1799,0.0000,-1.0000,0.4213
1788948342074,538,depth,1775763048.478732109,1,0,1,1,1,1,1,1,0,0.0000,-1.0000,2.5389,0.0000,0.0000,10.4969,11.9169,0.0000,-1.0000,0.4053
1788948345071,539,depth,1775763048.845442057,1,0,1,1,1,1,1,1,1,0.0000,-1.0000,3.3961,0.0000,0.0000,2633.8823,2659.8427,0.0000,0.0000,0.4813
1788948345079,540,depth,1775763049.145448923,1,0,1,1,1,1,1,1,1,0.0000,-1.0000,2.5509,0.0000,0.0000,2333.8753,2359.8357,0.0000,0.0000,0.5194
1788948345117,541,depth,1775763049.478703022,1,0,1,1,1,1,1,1,1,0.0000,-1.0000,1.3501,0.0000,0.0000,2000.6213,2026.5817,0.0000,0.0000,0.5107
1788948345160,542,depth,1775763049.845615149,1,0,1,1,1,1,1,1,1,0.0000,-1.0000,0.5219,0.0000,0.0000,1633.7093,1659.6697,0.0000,0.0000,0.5267
1788948345171,543,depth,1775763050.245894194,1,0,1,1,1,1,1,1,1,0.0000,-1.0000,0.2709,0.0000,0.0000,1233.4303,1259.3907,0.0000,0.0000,0.5198
1788948345177,544,depth,1775763050.646347046,1,0,1,1,1,1,1,1,1,0.0000,-1.0000,0.1939,0.0000,0.0000,832.9773,858.9377,0.0000,0.0000,0.4450
1788948345184,545,depth,1775763050.978960037,1,0,1,1,1,1,1,1,0,0.0000,-1.0000,4.3481,0.0000,0.0000,500.3643,526.3247,0.0000,-1.0000,0.4435
1788948345194,546,depth,1775763051.312412977,0,0,1,1,1,1,1,1,0,-1.0000,-1.0000,4.6249,0.0000,0.0000,166.9113,192.8717,0.0000,-1.0000,0.4378
1788948345200,547,depth,1775763051.645701170,0,0,1,1,1,1,1,1,0,-1.0000,-1.0000,3.2929,0.0000,0.0000,166.3767,140.4163,0.0000,-1.0000,0.4446
1788948345584,548,depth,1775763051.979362011,1,0,1,1,1,1,1,1,0,0.0000,-1.0000,0.2011,0.0000,0.0000,500.0377,474.0773,0.0000,-1.0000,0.5238
1788948346290,549,depth,1775763052.349420071,1,0,1,1,1,1,1,1,1,703.7190,-1.0000,2.2819,0.0000,0.0000,122.9245,147.2026,0.0000,0.0000,0.4461
1788948346521,550,depth,1775763052.778947115,0,0,1,1,1,1,1,1,1,-1.0000,-1.0000,1.6761,0.0000,0.0000,306.6025,282.3244,0.0000,0.0000,0.4710
1788948346748,551,depth,1775763053.212335110,0,0,1,1,1,1,1,1,1,-1.0000,-1.0000,0.7619,0.0000,0.0000,258.5471,281.3569,0.0000,0.0000,0.4922
1788948347265,552,depth,1775763053.613084078,0,0,1,1,1,1,1,1,1,-1.0000,-1.0000,3.5159,0.0000,0.0000,142.2019,119.3921,0.0000,0.0000,0.4558
1788948347481,553,depth,1775763054.012456894,0,0,1,1,1,1,1,1,1,-1.0000,-1.0000,2.7111,0.0000,0.0000,541.5749,518.7651,0.0000,0.0000,0.4549
1788948347665,554,depth,1775763054.412574053,0,0,1,1,1,1,1,1,0,-1.0000,-1.0000,3.0441,0.0000,0.0000,75.1781,98.9034,0.0000,-1.0000,0.4803
1788948347899,555,depth,1775763054.779175282,0,0,1,1,1,1,1,1,0,-1.0000,-1.0000,3.6556,0.0000,0.0000,291.4229,267.6976,0.0000,-1.0000,0.4591
